,Major,Major_category,Total,Sample_size,Men,Women,ShareWomen,Employed,Full_time,Part_time,Full_time_year_round,Unemployed,Unemployment_rate,Median,P25th,P75th,College_jobs,Non_college_jobs,Low_wage_jobs,Median_category,Num_majors,Percent_sample_size,Percent_employed,Percent_unemployed,Percent_college,Percent_non_college,Percent_low_wage,Major_category_Agriculture & Natural Resources,Major_category_Arts,Major_category_Biology & Life Science,Major_category_Business,Major_category_Communications & Journalism,Major_category_Computers & Mathematics,Major_category_Education,Major_category_Engineering,Major_category_Health,Major_category_Humanities & Liberal Arts,Major_category_Industrial Arts & Consumer Services,Major_category_Interdisciplinary,Major_category_Law & Public Policy,Major_category_Physical Sciences,Major_category_Psychology & Social Work,Major_category_Social Science
0,PETROLEUM ENGINEERING,Engineering,2339,36,2057,282,0.120564344,1976,1849,270,1207,37,0.018380527,110000,95000,125000,1534,364,193,,29.0,0.015391192817443352,0.8448054724241129,0.01581872595126122,0.6558358272766139,0.155622060709705,0.08251389482684908,0,0,0,0,0,0,0,1,0,0,0,0,0,0,0,0
1,MINING AND MINERAL ENGINEERING,Engineering,756,7,679,77,0.10185185199999999,640,556,170,388,85,0.117241379,75000,55000,90000,350,257,50,,29.0,0.009259259259259259,0.8465608465608465,0.11243386243386243,0.46296296296296297,0.33994708994708994,0.06613756613756613,0,0,0,0,0,0,0,1,0,0,0,0,0,0,0,0
2,METALLURGICAL ENGINEERING,Engineering,856,3,725,131,0.153037383,648,558,133,340,16,0.024096386,73000,50000,105000,456,176,0,,29.0,0.0035046728971962616,0.7570093457943925,0.018691588785046728,0.5327102803738317,0.205607476635514,0.0,0,0,0,0,0,0,0,1,0,0,0,0,0,0,0,0
3,NAVAL ARCHITECTURE AND MARINE ENGINEERING,Engineering,1258,16,1123,135,0.107313196,758,1069,150,692,40,0.050125313,70000,43000,80000,529,102,0,,29.0,0.012718600953895072,0.6025437201907791,0.03179650238473768,0.4205087440381558,0.08108108108108109,0.0,0,0,0,0,0,0,0,1,0,0,0,0,0,0,0,0
4,CHEMICAL ENGINEERING,Engineering,32260,289,21239,11021,0.341630502,25694,23170,5180,16697,1672,0.061097712,65000,50000,75000,18314,4440,972,,29.0,0.008958462492250465,0.7964662120272784,0.05182889026658401,0.5676999380037198,0.13763174209547427,0.030130192188468692,0,0,0,0,0,0,0,1,0,0,0,0,0,0,0,0
5,NUCLEAR ENGINEERING,Engineering,2573,17,2200,373,0.144966965,1857,2038,264,1449,400,0.177226407,65000,50000,102000,1142,657,244,,29.0,0.006607073455110766,0.721725612125923,0.1554605518849592,0.44383987563155847,0.25534395647104546,0.0948309366498251,0,0,0,0,0,0,0,1,0,0,0,0,0,0,0,0
6,ACTUARIAL SCIENCE,Business,3777,51,832,960,0.535714286,2912,2924,296,2482,308,0.095652174,62000,53000,72000,1768,314,259,,13.0,0.013502779984114376,0.7709822610537463,0.08154620068837702,0.4680963727826317,0.08313476303944929,0.0685729414879534,0,0,0,1,0,0,0,0,0,0,0,0,0,0,0,0
7,ASTRONOMY AND ASTROPHYSICS,Physical Sciences,1792,10,2110,1667,0.44135557299999995,1526,1085,553,827,33,0.021167415,62000,31500,109000,972,500,220,,10.0,0.005580357142857143,0.8515625,0.018415178571428572,0.5424107142857143,0.27901785714285715,0.12276785714285714,0,0,0,0,0,0,0,0,0,0,0,0,0,1,0,0
8,MECHANICAL ENGINEERING,Engineering,91227,1029,12953,2105,0.139792801,76442,71298,13101,54639,4650,0.057342277999999997,60000,48000,70000,52844,16384,3253,,29.0,0.01127955539478444,0.8379317526609447,0.05097175178401131,0.579258333607375,0.179595952952525,0.03565830291470727,0,0,0,0,0,0,0,1,0,0,0,0,0,0,0,0
9,ELECTRICAL ENGINEERING,Engineering,81527,631,8407,6548,0.437846874,61928,55450,12695,41413,3895,0.059173845,60000,45000,72000,45829,10874,3170,,29.0,0.007739767193690434,0.7596011137414599,0.0477755835490083,0.5621327903639285,0.13337912593373974,0.03888282409508506,0,0,0,0,0,0,0,1,0,0,0,0,0,0,0,0
10,COMPUTER ENGINEERING,Engineering,41542,399,33258,8284,0.199412643,32506,30315,5146,23621,2275,0.065409275,60000,45000,75000,23694,5721,980,,29.0,0.009604737374223677,0.782485195705551,0.05476385344952096,0.5703625246738241,0.1377160464108613,0.023590583024409032,0,0,0,0,0,0,0,1,0,0,0,0,0,0,0,0
11,AEROSPACE ENGINEERING,Engineering,15058,147,65511,16016,0.19645025600000002,11391,11106,2724,8790,794,0.065162085,60000,42000,70000,8184,2425,372,,29.0,0.00976225262319033,0.756474963474565,0.05272944614158587,0.5434984725727188,0.16104396334174526,0.024704476026032672,0,0,0,0,0,0,0,1,0,0,0,0,0,0,0,0
12,BIOMEDICAL ENGINEERING,Engineering,14955,79,80320,10907,0.11955890300000001,10047,9017,2694,5986,1019,0.09208386,60000,36000,70000,6439,2471,789,,29.0,0.005282514209294551,0.671815446339017,0.0681377465730525,0.4305583416917419,0.1652290203945169,0.05275827482447342,0,0,0,0,0,0,0,1,0,0,0,0,0,0,0,0
13,MATERIALS SCIENCE,Engineering,4279,22,2949,1330,0.310820285,3307,2751,878,1967,78,0.023042836,60000,39000,65000,2626,391,81,,29.0,0.005141388174807198,0.7728441224585183,0.01822855807431643,0.6136947885019864,0.09137648983407338,0.018929656461790137,0,0,0,0,0,0,0,1,0,0,0,0,0,0,0,0
14,ENGINEERING MECHANICS PHYSICS AND SCIENCE,Engineering,4321,30,3526,795,0.183985189,3608,2999,811,2004,23,0.006334343,58000,25000,74000,2439,947,263,,29.0,0.006942837306179125,0.8349919000231428,0.005322841934737329,0.5644526729923629,0.21916223096505438,0.06086554038417033,0,0,0,0,0,0,0,1,0,0,0,0,0,0,0,0
15,BIOLOGICAL ENGINEERING,Engineering,8925,55,6062,2863,0.32078431399999996,6170,5455,1983,3413,589,0.087143069,57100,40000,76000,3603,1595,524,,29.0,0.0061624649859943975,0.6913165266106442,0.06599439775910364,0.40369747899159664,0.17871148459383754,0.058711484593837536,0,0,0,0,0,0,0,1,0,0,0,0,0,0,0,0
16,INDUSTRIAL AND MANUFACTURING ENGINEERING,Engineering,18968,183,12453,6515,0.34347321799999997,15604,14879,2243,11326,699,0.042875544,57000,37900,67000,8306,3235,640,,29.0,0.009647827920708563,0.822648671446647,0.03685153943483762,0.4378954027836356,0.17055040067482075,0.03374103753690426,0,0,0,0,0,0,0,1,0,0,0,0,0,0,0,0
17,GENERAL ENGINEERING,Engineering,61152,425,45683,15469,0.252959838,44931,41235,7199,33540,2859,0.059824231,56000,36000,69000,26898,11734,3192,,29.0,0.0069498953427524855,0.7347429356357927,0.04675235478806907,0.4398547880690738,0.1918825222396651,0.0521978021978022,0,0,0,0,0,0,0,1,0,0,0,0,0,0,0,0
18,ARCHITECTURAL ENGINEERING,Engineering,2825,26,1835,990,0.35044247799999995,2575,2277,343,1848,170,0.061930782999999996,54000,38000,65000,1665,649,137,,29.0,0.009203539823008849,0.911504424778761,0.06017699115044248,0.5893805309734513,0.22973451327433628,0.048495575221238936,0,0,0,0,0,0,0,1,0,0,0,0,0,0,0,0
19,COURT REPORTING,Law & Public Policy,1148,14,877,271,0.236062718,930,808,223,808,11,0.011689692,54000,50000,54000,402,528,144,,5.0,0.012195121951219513,0.8101045296167247,0.009581881533101045,0.3501742160278746,0.45993031358885017,0.1254355400696864,0,0,0,0,0,0,0,0,0,0,0,0,1,0,0,0
20,COMPUTER SCIENCE,Computers & Mathematics,128319,1196,1837,2524,0.578766338,102087,91485,18726,70932,6884,0.063172771,53000,39000,70000,68622,25667,5144,,11.0,0.009320521512792338,0.7955719729736048,0.05364755024587162,0.5347766114137423,0.20002493785020145,0.04008759419883259,0,0,0,0,0,1,0,0,0,0,0,0,0,0,0,0
21,FOOD SCIENCE,Agriculture & Natural Resources,4361,36,99743,28576,0.222695002,3149,2558,1121,1735,338,0.09693146,53000,32000,70000,1183,1274,485,,10.0,0.008254987388213713,0.7220820912634717,0.07750515936711763,0.2712680577849117,0.29213483146067415,0.11121302453565696,1,0,0,0,0,0,0,0,0,0,0,0,0,0,0,0
22,ELECTRICAL ENGINEERING TECHNOLOGY,Engineering,11565,97,2020,973,0.325091881,8587,7530,1873,5681,824,0.087557114,52000,35000,60000,5126,2686,696,,29.0,0.0083873757025508,0.7424989191526157,0.07124945957630782,0.4432338953739732,0.232252485948984,0.06018158236057069,0,0,0,0,0,0,0,1,0,0,0,0,0,0,0,0
23,MATERIALS ENGINEERING AND MATERIALS SCIENCE,Engineering,2993,22,8181,3384,0.292607004,2449,1658,1040,1151,70,0.027788805,52000,35000,62000,1911,305,70,,29.0,0.007350484463748747,0.8182425659873037,0.023387905111927832,0.6384898095556298,0.10190444370197127,0.023387905111927832,0,0,0,0,0,0,0,1,0,0,0,0,0,0,0,0
24,MANAGEMENT INFORMATION SYSTEMS AND STATISTICS,Business,18713,278,13496,5217,0.278790146,16413,15141,2420,13017,1015,0.058239614,51000,38000,60000,6342,5741,708,,13.0,0.014855982472078234,0.8770907924971945,0.054240367658846794,0.33890877999251856,0.30679206968417677,0.03783466039651579,0,0,0,1,0,0,0,0,0,0,0,0,0,0,0,0
25,CIVIL ENGINEERING,Engineering,53153,565,41081,12072,0.22711794300000002,43041,38302,10080,29196,3270,0.07060957400000001,50000,40000,60000,28526,9356,2899,,29.0,0.01062969164487423,0.8097567399770474,0.06152051624555528,0.5366771395781987,0.17602016819370497,0.05454066562564672,0,0,0,0,0,0,0,1,0,0,0,0,0,0,0,0
26,CONSTRUCTION SERVICES,Industrial Arts & Consumer Services,18498,295,2662,1385,0.342228811,16318,15690,1751,12313,1042,0.060023041,50000,36000,60000,3275,5351,703,,7.0,0.015947670018380364,0.8821494215590875,0.056330414098821495,0.17704616715320576,0.2892745161639096,0.03800410855227592,0,0,0,0,0,0,0,0,0,0,1,0,0,0,0,0
27,OPERATIONS LOGISTICS AND E-COMMERCE,Business,11732,156,488,232,0.322222222,10027,9639,1183,7724,504,0.047858702999999995,50000,40000,60000,1466,3629,285,,13.0,0.013296965564268667,0.8546709853392431,0.04295942720763723,0.12495738152062734,0.3093249232867371,0.02429253324241391,0,0,0,1,0,0,0,0,0,0,0,0,0,0,0,0
28,MISCELLANEOUS ENGINEERING,Engineering,9133,118,7398,1735,0.189970437,7428,6811,1662,5476,597,0.074392523,50000,39000,65000,3445,2426,365,,29.0,0.012920179568597394,0.8133143545384868,0.0653673491733275,0.377203547574729,0.2656301324865871,0.03996496222489872,0,0,0,0,0,0,0,1,0,0,0,0,0,0,0,0
29,PUBLIC POLICY,Law & Public Policy,5978,55,2695,905,0.251388889,4547,4163,1306,2776,670,0.128426299,50000,35000,70000,1550,1871,340,,5.0,0.009200401472064235,0.760622281699565,0.11207761793241887,0.25928404148544665,0.3129809300769488,0.05687520910003346,0,0,0,0,0,0,0,0,0,0,0,0,1,0,0,0
30,ENVIRONMENTAL ENGINEERING,Engineering,4047,26,2639,3339,0.558548009,2983,2384,930,1951,308,0.093588575,50000,42000,56000,2028,830,260,,29.0,0.006424511984185817,0.7370892018779343,0.07610575735112429,0.5011119347664937,0.20509019026439337,0.06424511984185817,0,0,0,0,0,0,0,1,0,0,0,0,0,0,0,0
31,ENGINEERING TECHNOLOGIES,Engineering,3600,39,16820,1678,0.09071250900000001,2799,2257,689,1723,163,0.055030385,50000,43000,60000,1017,1269,142,,29.0,0.010833333333333334,0.7775,0.04527777777777778,0.2825,0.3525,0.03944444444444444,0,0,0,0,0,0,0,1,0,0,0,0,0,0,0,0
32,MISCELLANEOUS FINE ARTS,Arts,3340,30,1970,1370,0.41017964100000004,2914,2049,1067,1200,286,0.089375,50000,25000,66000,693,1714,755,,8.0,0.008982035928143712,0.8724550898203592,0.08562874251497006,0.20748502994011975,0.5131736526946108,0.22604790419161677,0,1,0,0,0,0,0,0,0,0,0,0,0,0,0,0
33,GEOLOGICAL AND GEOPHYSICAL ENGINEERING,Engineering,720,5,7921,3811,0.32483805,604,524,126,396,49,0.075038285,50000,42800,57000,501,50,49,,29.0,0.006944444444444444,0.8388888888888889,0.06805555555555555,0.6958333333333333,0.06944444444444445,0.06805555555555555,0,0,0,0,0,0,0,1,0,0,0,0,0,0,0,0
34,NURSING,Health,209394,2554,21773,187621,0.896018988,180903,151191,40818,122817,8497,0.04486272400000001,48000,39000,58000,151643,26146,6193,,12.0,0.012197102113718637,0.8639359293962577,0.040579004173949586,0.7241993562375235,0.12486508686972883,0.029575823567055407,0,0,0,0,0,0,0,0,1,0,0,0,0,0,0,0
35,FINANCE,Business,174506,2189,89749,49498,0.355469059,145696,137921,21463,108595,9413,0.060686356,47000,35000,64000,24243,48447,9910,,13.0,0.012543981295772066,0.8349053900725476,0.053940838710416834,0.1389235900198274,0.27762369202205084,0.05678887831937011,0,0,0,1,0,0,0,0,0,0,0,0,0,0,0,0
36,ECONOMICS,Social Science,139247,1322,115030,59476,0.34082495700000004,104117,96567,25325,70740,11452,0.099092317,47000,35000,65000,25582,37057,10653,,9.0,0.009493920874417403,0.7477144929513742,0.08224234633421187,0.18371670484821936,0.26612422529749297,0.07650434120663281,0,0,0,0,0,0,0,0,0,0,0,0,0,0,0,1
37,BUSINESS ECONOMICS,Business,13302,199,3477,1154,0.24919024,10914,10048,1937,8000,1165,0.096448381,46000,33000,58000,1578,4612,1284,,13.0,0.01496015636746354,0.8204781235904375,0.08758081491505036,0.11862877762742445,0.3467147797323711,0.09652683806946324,0,0,0,1,0,0,0,0,0,0,0,0,0,0,0,0
38,INDUSTRIAL PRODUCTION TECHNOLOGIES,Engineering,4631,73,528,1588,0.75047259,4428,3988,597,3242,129,0.028308097,46000,35000,65000,1394,2454,480,,29.0,0.015763334053120276,0.9561649751673504,0.027855754696609804,0.30101489958972144,0.5299071474843446,0.1036493198013388,0,0,0,0,0,0,0,1,0,0,0,0,0,0,0,0
39,"NUCLEAR, INDUSTRIAL RADIOLOGY, AND BIOLOGICAL TECHNOLOGIES",Physical Sciences,2116,31,7575,5727,0.430536761,1778,1392,579,1115,137,0.07154047,46000,38000,53000,162,1475,124,,10.0,0.014650283553875236,0.8402646502835539,0.06474480151228733,0.07655954631379962,0.697069943289225,0.05860113421550094,0,0,0,0,0,0,0,0,0,0,0,0,0,1,0,0
40,ACCOUNTING,Business,198633,2042,27392,9306,0.253583302,165527,151967,27693,123169,12411,0.069749014,45000,34000,56000,11417,39323,10886,,13.0,0.010280265615481819,0.8333308161282365,0.062482064913685034,0.05747786118117332,0.19796811204583328,0.05480458936833255,0,0,0,1,0,0,0,0,0,0,0,0,0,0,0,0
41,MATHEMATICS,Computers & Mathematics,72397,541,9005,2908,0.24410308100000003,58118,46399,18079,33738,2884,0.047277137999999996,45000,33000,60000,34800,14829,4569,,11.0,0.007472685332265149,0.8027680705001589,0.039835904802685194,0.48068290122518886,0.2048289293755266,0.06311034987637609,0,0,0,0,0,1,0,0,0,0,0,0,0,0,0,0
42,COMPUTER AND INFORMATION SYSTEMS,Computers & Mathematics,36698,425,515,1247,0.7077185020000001,28459,26348,4332,21130,2934,0.093460326,45000,30000,60000,13344,11783,1672,,11.0,0.01158101258924192,0.7754918524170255,0.07994986102784893,0.3636165458608099,0.32108016785655896,0.045561065998147035,0,0,0,0,0,1,0,0,0,0,0,0,0,0,0,0
43,PHYSICS,Physical Sciences,32142,142,39956,32441,0.448098678,25302,19428,8721,14389,1282,0.048224496,45000,30000,68000,18674,4576,1823,,10.0,0.004417895588326799,0.7871943251820048,0.03988550805799266,0.5809843818057371,0.14236824093086928,0.05671706801070251,0,0,0,0,0,0,0,0,0,0,0,0,0,1,0,0
44,MEDICAL TECHNOLOGIES TECHNICIANS,Health,15914,190,2794,2145,0.43429844100000004,13150,11510,2665,9005,505,0.03698279,45000,36000,50000,5546,7176,1002,,12.0,0.011939173055171547,0.826316450923715,0.03173306522558753,0.3484981777051653,0.45092371496795275,0.06296342842779942,0,0,0,0,0,0,0,0,1,0,0,0,0,0,0,0
45,INFORMATION SCIENCES,Computers & Mathematics,11913,158,2960,3291,0.526475764,9881,9105,1468,7378,639,0.060741445,45000,32500,58000,4390,4102,608,,11.0,0.013262822127088056,0.829430034416184,0.05363888189372954,0.3685049945437757,0.3443297238311089,0.051036682615629984,0,0,0,0,0,1,0,0,0,0,0,0,0,0,0,0
46,STATISTICS AND DECISION SCIENCE,Computers & Mathematics,6251,37,23080,9062,0.281936407,4247,3190,1840,2151,401,0.086273666,45000,26700,60000,2298,1200,343,,11.0,0.005919052951527755,0.6794112941929291,0.06414973604223324,0.3676211806111022,0.1919692849144137,0.054871220604703244,0,0,0,0,0,1,0,0,0,0,0,0,0,0,0,0
47,APPLIED MATHEMATICS,Computers & Mathematics,4939,45,3916,11998,0.75392736,3854,3465,1176,2593,385,0.09082330699999999,45000,34000,63000,2437,803,357,,11.0,0.00911115610447459,0.7803199028143348,0.0779510022271715,0.4934197205912128,0.16258351893095768,0.07228183842883175,0,0,0,0,0,1,0,0,0,0,0,0,0,0,0,0
48,PHARMACOLOGY,Biology & Life Science,1762,3,94519,104114,0.524152583,1144,657,532,565,107,0.085531575,45000,40000,45000,603,478,93,,14.0,0.00170261066969353,0.6492622020431328,0.06072644721906924,0.3422247446083995,0.27128263337116915,0.05278093076049943,0,0,1,0,0,0,0,0,0,0,0,0,0,0,0,0
49,OCEANOGRAPHY,Physical Sciences,2418,36,752,1666,0.688999173,1638,1931,379,1595,99,0.056994819,44700,23000,50000,459,996,186,,10.0,0.01488833746898263,0.6774193548387096,0.04094292803970223,0.18982630272952852,0.4119106699751861,0.07692307692307693,0,0,0,0,0,0,0,0,0,0,0,0,0,1,0,0
50,ENGINEERING AND INDUSTRIAL MANAGEMENT,Engineering,2906,29,2400,506,0.174122505,2125,1992,462,1358,74,0.03365166,44000,30000,50000,482,844,245,,29.0,0.009979353062629044,0.7312456985547143,0.025464556090846524,0.16586373021335168,0.2904335856847901,0.08430832759807295,0,0,0,0,0,0,0,1,0,0,0,0,0,0,0,0
51,MEDICAL ASSISTING SERVICES,Health,11123,67,500,109,0.178981938,9168,5643,4107,4290,407,0.042506527,42000,30000,65000,2091,6948,1270,,12.0,0.006023554796367886,0.824238065270161,0.03659084779286164,0.18798885192843656,0.6246516227636429,0.11417782972219725,0,0,0,0,0,0,0,0,1,0,0,0,0,0,0,0
52,MATHEMATICS AND COMPUTER SCIENCE,Computers & Mathematics,609,7,803,10320,0.927807246,559,584,0,391,0,0.0,42000,30000,78000,452,67,25,,11.0,0.011494252873563218,0.9178981937602627,0.0,0.7422003284072249,0.11001642036124795,0.041050903119868636,0,0,0,0,0,1,0,0,0,0,0,0,0,0,0,0
53,COMPUTER PROGRAMMING AND DATA PROCESSING,Computers & Mathematics,4168,43,3046,1122,0.269193858,3257,3204,482,2453,419,0.11398259,41300,20000,46000,2024,1033,263,,11.0,0.010316698656429943,0.7814299424184261,0.1005278310940499,0.4856046065259117,0.24784069097888675,0.06309980806142035,0,0,0,0,0,1,0,0,0,0,0,0,0,0,0,0
54,COGNITIVE SCIENCE AND BIOPSYCHOLOGY,Biology & Life Science,3831,25,119,699,0.854523227,2741,2470,711,1584,223,0.075236167,41000,20000,60000,1369,921,135,,14.0,0.006525711302531976,0.7154789872096059,0.058209344818585224,0.357347950926651,0.240407204385278,0.03523884103367267,0,0,1,0,0,0,0,0,0,0,0,0,0,0,0,0
55,SCHOOL STUDENT COUNSELING,Education,818,4,1667,2164,0.56486557,730,595,135,545,88,0.10757946199999999,41000,41000,43000,509,221,0,,16.0,0.004889975550122249,0.8924205378973105,0.10757946210268948,0.6222493887530562,0.2701711491442543,0.0,0,0,0,0,0,0,1,0,0,0,0,0,0,0,0,0
56,INTERNATIONAL RELATIONS,Social Science,28187,219,10345,17842,0.632986838,21190,18681,5563,13583,2271,0.09679894300000001,40100,31200,53000,6774,9570,2499,,9.0,0.007769539149253202,0.7517649980487459,0.08056905665732429,0.24032355341114697,0.3395182176180509,0.08865789193599886,0,0,0,0,0,0,0,0,0,0,0,0,0,0,0,1
57,GENERAL BUSINESS,Business,234590,2380,6053,4346,0.4179248,190183,171385,36241,138299,14946,0.072861468,40000,30000,55000,29334,100831,27320,,13.0,0.010145359989769384,0.8107037810648365,0.06371115563323244,0.12504369325205678,0.4298179803060659,0.11645850206743681,0,0,0,1,0,0,0,0,0,0,0,0,0,0,0,0
58,ARCHITECTURE,Engineering,46420,362,9658,4582,0.321769663,34158,29223,10206,20026,4366,0.113331949,40000,31000,50000,16178,13724,4221,,29.0,0.007798362774666092,0.7358466178371391,0.0940542869452822,0.3485135717363205,0.2956484274019819,0.09093063334769495,0,0,0,0,0,0,0,1,0,0,0,0,0,0,0,0
59,INTERNATIONAL BUSINESS,Business,25894,260,1749,690,0.28290282899999997,19660,17563,4890,12823,2092,0.096175064,40000,30000,50000,3383,9482,3046,,13.0,0.010040936124198657,0.7592492469297907,0.08079091681470611,0.13064802656986174,0.36618521665250636,0.11763342859349657,0,0,0,1,0,0,0,0,0,0,0,0,0,0,0,0
60,PHARMACY PHARMACEUTICAL SCIENCES AND ADMINISTRATION,Health,23551,38,25463,20957,0.451464886,16620,12537,5346,9131,977,0.055520827,40000,20000,90000,11573,4493,1121,,12.0,0.0016135195957708802,0.7057025179397902,0.04148443802810921,0.49140163899622097,0.1907774616789096,0.04759882807524097,0,0,0,0,0,0,0,0,1,0,0,0,0,0,0,0
61,MOLECULAR BIOLOGY,Biology & Life Science,18300,90,4419,371,0.07745302700000001,11581,9441,4590,6183,1067,0.084361164,40000,29000,47000,7225,3145,1168,,14.0,0.004918032786885246,0.6328415300546448,0.058306010928961746,0.3948087431693989,0.17185792349726775,0.06382513661202185,0,0,1,0,0,0,0,0,0,0,0,0,0,0,0,0
62,MISCELLANEOUS BUSINESS & MEDICAL ADMINISTRATION,Business,17947,244,7043,1761,0.200022717,14826,13364,3366,10637,1150,0.071982974,40000,30000,51000,2236,8937,1758,,13.0,0.013595587006184878,0.8260990694823648,0.06407756170947791,0.12458906781077618,0.49796623391096007,0.09795508998718448,0,0,0,1,0,0,0,0,0,0,0,0,0,0,0,0
63,AGRICULTURE PRODUCTION AND MANAGEMENT,Agriculture & Natural Resources,14240,273,7426,10874,0.59420765,12323,11119,2196,9093,649,0.050030835999999995,40000,25000,50000,1925,6221,1362,,10.0,0.01917134831460674,0.8653792134831461,0.04557584269662921,0.13518258426966293,0.43686797752808987,0.09564606741573034,1,0,0,0,0,0,0,0,0,0,0,0,0,0,0,0
64,GENERAL AGRICULTURE,Agriculture & Natural Resources,10399,158,1761,1874,0.515543329,8884,7589,2031,5888,178,0.019642463,40000,30000,50000,2418,4717,839,,10.0,0.015193768631599193,0.8543129147033368,0.017117030483700356,0.23252235791903067,0.4536013078180594,0.08068083469564381,1,0,0,0,0,0,0,0,0,0,0,0,0,0,0,0
65,MISCELLANEOUS ENGINEERING TECHNOLOGIES,Engineering,8804,125,124,0,0.0,7502,7001,1240,5825,416,0.05253852,40000,30400,56000,2446,3896,386,,29.0,0.014198091776465242,0.852112676056338,0.04725124943207633,0.2778282598818719,0.4425261244888687,0.04384370740572467,0,0,0,0,0,0,0,1,0,0,0,0,0,0,0,0
66,MECHANICAL ENGINEERING RELATED TECHNOLOGIES,Engineering,4790,71,894,542,0.377437326,4186,4175,247,3607,250,0.056357078,40000,27000,52000,1861,2121,406,,29.0,0.014822546972860125,0.8739039665970773,0.05219206680584551,0.388517745302714,0.44279749478079333,0.08475991649269311,0,0,0,0,0,0,0,1,0,0,0,0,0,0,0,0
67,GENETICS,Biology & Life Science,3635,11,1075,1939,0.643331121,2463,1787,847,1487,87,0.034117647,40000,34000,45000,1675,678,201,,14.0,0.003026134800550206,0.6775790921595598,0.023933975240715267,0.4607977991746905,0.18651994497936727,0.05529573590096286,0,0,1,0,0,0,0,0,0,0,0,0,0,0,0,0
68,MISCELLANEOUS SOCIAL SCIENCES,Social Science,3283,28,1499,1784,0.5434054220000001,2727,2183,907,1530,215,0.073079538,40000,30000,54000,744,1654,573,,9.0,0.008528784648187633,0.8306427048431313,0.06548888212001218,0.22662199208041425,0.5038074931465123,0.1745354858361255,0,0,0,0,0,0,0,0,0,0,0,0,0,0,0,1
69,UNITED STATES HISTORY,Humanities & Liberal Arts,3079,22,8697,14854,0.6307163179999999,2787,2103,839,1274,138,0.047179487,40000,30000,42000,801,1591,302,,15.0,0.0071451770055212735,0.905164014290354,0.04481974667099708,0.26014939915557,0.5167262098083794,0.09808379343942839,0,0,0,0,0,0,0,0,0,1,0,0,0,0,0,0
70,INDUSTRIAL AND ORGANIZATIONAL PSYCHOLOGY,Psychology & Social Work,3014,24,132238,102352,0.43630163299999997,2343,1644,1095,1409,286,0.10878661099999999,40000,32000,53000,559,1224,272,,9.0,0.007962840079628402,0.7773722627737226,0.0948905109489051,0.18546781685467817,0.40610484406104846,0.0902455209024552,0,0,0,0,0,0,0,0,0,0,0,0,0,0,1,0
71,AGRICULTURAL ECONOMICS,Agriculture & Natural Resources,2439,44,10624,15270,0.589711902,2174,1819,620,1528,182,0.077249576,40000,27000,54000,535,893,94,,10.0,0.018040180401804017,0.8913489134891349,0.07462074620746208,0.21935219352193522,0.36613366133661335,0.03854038540385404,1,0,0,0,0,0,0,0,0,0,0,0,0,0,0,0
72,PHYSICAL SCIENCES,Physical Sciences,1436,10,10285,7662,0.42692372,1146,768,437,653,42,0.035353535,40000,30000,55000,530,465,269,,10.0,0.006963788300835654,0.7980501392757661,0.02924791086350975,0.36908077994428967,0.32381615598885793,0.1873259052924791,0,0,0,0,0,0,0,0,0,0,0,0,0,1,0,0
73,MILITARY TECHNOLOGIES,Industrial Arts & Consumer Services,124,4,1756,1323,0.429684963,0,111,0,111,0,,40000,40000,40000,0,0,0,,7.0,0.03225806451612903,0.0,0.0,0.0,0.0,0.0,0,0,0,0,0,0,0,0,0,0,1,0,0,0,0,0
74,CHEMISTRY,Physical Sciences,66530,353,32923,33607,0.5051405379999999,48535,39509,15066,29910,2769,0.053972400000000004,39000,30000,49900,30382,14718,4288,,10.0,0.005305877047948294,0.7295205170599729,0.04162032165940177,0.4566661656395611,0.22122350819179318,0.06445212686006313,0,0,0,0,0,0,0,0,0,0,0,0,0,1,0,0
75,"ELECTRICAL, MECHANICAL, AND PRECISION TECHNOLOGIES AND PRODUCTION",Industrial Arts & Consumer Services,2435,37,1869,566,0.23244353199999998,2107,2057,287,1752,64,0.029479502999999997,38400,22500,45000,221,1659,81,,7.0,0.015195071868583163,0.8652977412731007,0.026283367556468172,0.09075975359342915,0.6813141683778234,0.03326488706365503,0,0,0,0,0,0,0,0,0,0,1,0,0,0,0,0
76,BUSINESS MANAGEMENT AND ADMINISTRATION,Business,329927,4212,6383,8849,0.580948004,276234,251540,50357,199897,21502,0.07221834099999999,38000,29000,50000,36720,148395,32395,,13.0,0.012766460459434966,0.837257938877388,0.06517199259230072,0.11129734759507406,0.4497813152606486,0.09818838712806166,0,0,0,1,0,0,0,0,0,0,0,0,0,0,0,0
77,MARKETING AND MARKETING RESEARCH,Business,205211,2684,11404,7076,0.382900433,178862,156668,35829,127230,11663,0.061215064000000007,38000,30000,50000,25320,93889,27968,,13.0,0.013079220899464453,0.8716004502682605,0.056834185301957496,0.12338519864919521,0.45752420679203354,0.13628899035626746,0,0,0,1,0,0,0,0,0,0,0,0,0,0,0,0
78,POLITICAL SCIENCE AND GOVERNMENT,Social Science,182621,1387,93880,88741,0.485929877,133454,117709,43711,83236,15022,0.101174601,38000,28000,50000,36854,66947,19803,,9.0,0.007594964434539292,0.7307702838118288,0.08225779072505353,0.20180592593403826,0.36658982263814127,0.10843769336494707,0,0,0,0,0,0,0,0,0,0,0,0,0,0,0,1
79,GEOGRAPHY,Social Science,18480,179,173809,156118,0.473189524,14057,11367,5651,8628,1799,0.113458628,38000,30000,50000,5350,6830,1905,,9.0,0.009686147186147185,0.7606601731601732,0.09734848484848485,0.2895021645021645,0.3695887445887446,0.10308441558441558,0,0,0,0,0,0,0,0,0,0,0,0,0,0,0,1
80,MICROBIOLOGY,Biology & Life Science,15232,62,78857,126354,0.615727227,9685,7453,3379,5080,693,0.066775872,38000,29600,50000,5577,3174,1246,,14.0,0.0040703781512605045,0.6358324579831933,0.04549632352941176,0.3661370798319328,0.20837710084033614,0.0818014705882353,0,0,1,0,0,0,0,0,0,0,0,0,0,0,0,0
81,COMPUTER ADMINISTRATION MANAGEMENT AND SECURITY,Computers & Mathematics,8066,103,6607,1459,0.180882718,6509,6289,1030,4936,721,0.099723375,37500,25000,50000,2354,3244,308,,11.0,0.012769650384329284,0.8069675179766923,0.08938755269030499,0.29184230101661296,0.40218199851227376,0.03818497396479048,0,0,0,0,0,1,0,0,0,0,0,0,0,0,0,0
82,BIOCHEMICAL SCIENCES,Biology & Life Science,39107,174,18951,20156,0.515406449,25678,20643,9948,13785,2249,0.080531385,37400,29000,50000,15654,8394,3012,,14.0,0.004449331321758253,0.6566087912649909,0.05750888587720868,0.4002863937402511,0.2146418799703378,0.07701945943181528,0,0,1,0,0,0,0,0,0,0,0,0,0,0,0,0
83,BOTANY,Biology & Life Science,1329,9,626,703,0.52896915,1010,946,169,740,0,0.0,37000,26000,40000,677,184,56,,14.0,0.006772009029345372,0.7599699021820918,0.0,0.509405568096313,0.1384499623777276,0.042136945071482315,0,0,1,0,0,0,0,0,0,0,0,0,0,0,0,0
84,COMPUTER NETWORKING AND TELECOMMUNICATIONS,Computers & Mathematics,7613,97,5291,2322,0.305004597,6144,5495,1447,4369,1100,0.151849807,36400,27000,49000,2593,2941,352,,11.0,0.012741363457244187,0.8070405884670958,0.144489688690398,0.34060160252200183,0.38631288585314594,0.04623670038092736,0,0,0,0,0,1,0,0,0,0,0,0,0,0,0,0
85,GEOLOGY AND EARTH SCIENCE,Physical Sciences,10972,78,5813,5159,0.470196865,8296,6966,2913,5008,677,0.075448568,36200,28000,47000,4858,2792,959,,10.0,0.0071090047393364926,0.7561064527889172,0.061702515493984686,0.4427633977397011,0.2544659132336857,0.08740430185927817,0,0,0,0,0,0,0,0,0,0,0,0,0,1,0,0
86,HUMAN RESOURCES AND PERSONNEL MANAGEMENT,Business,24497,264,4435,9093,0.672161443,20760,18550,3767,15446,1315,0.059569649,36000,28000,45000,2406,9629,1906,,13.0,0.010776829815895825,0.8474507082499898,0.05368004245417806,0.09821610809486876,0.3930685390047761,0.07780544556476303,0,0,0,1,0,0,0,0,0,0,0,0,0,0,0,0
87,PRE-LAW AND LEGAL STUDIES,Law & Public Policy,13528,92,809,1169,0.591001011,9762,7851,3595,5370,757,0.07196501599999999,36000,29200,46000,2002,6454,1336,,5.0,0.006800709639266706,0.7216144293317563,0.05595801301005322,0.14798935541099942,0.4770845653459491,0.09875813128326434,0,0,0,0,0,0,0,0,0,0,0,0,1,0,0,0
88,MISCELLANEOUS HEALTH MEDICAL PROFESSIONS,Health,13386,81,413,973,0.702020202,10076,7514,4145,5868,893,0.08141125,36000,23000,42000,5652,3835,1422,,12.0,0.006051098162259076,0.7527267294187957,0.06671148961601674,0.42223218287763337,0.2864933512625131,0.10623038995965935,0,0,0,0,0,0,0,0,1,0,0,0,0,0,0,0
89,PUBLIC ADMINISTRATION,Law & Public Policy,5629,46,2947,2682,0.47646118299999995,4158,4148,847,2952,789,0.15949059999999998,36000,23000,60000,919,2313,496,,5.0,0.008171966601527803,0.7386747201989696,0.14016699236098773,0.16326168058269674,0.41090779889856105,0.08811511813821282,0,0,0,0,0,0,0,0,0,0,0,0,1,0,0,0
90,GEOSCIENCES,Physical Sciences,1978,18,1589,11797,0.881293889,1441,1264,354,1011,36,0.024373731000000003,36000,21000,41000,784,591,221,,10.0,0.00910010111223458,0.7285136501516684,0.01820020222446916,0.39635995955510617,0.2987866531850354,0.11172901921132457,0,0,0,0,0,0,0,0,0,0,0,0,0,1,0,0
91,SOCIAL PSYCHOLOGY,Psychology & Social Work,1386,8,6184,18313,0.7475609259999999,1080,828,433,529,33,0.029649596,36000,34000,45000,434,593,37,,9.0,0.005772005772005772,0.7792207792207793,0.023809523809523808,0.31313131313131315,0.42784992784992787,0.026695526695526696,0,0,0,0,0,0,0,0,0,0,0,0,0,0,1,0
92,ENVIRONMENTAL SCIENCE,Biology & Life Science,25965,225,10787,15178,0.584556133,20859,16987,7071,10916,1779,0.07858468099999999,35600,25000,40200,8149,10076,3175,,14.0,0.008665511265164644,0.8033506643558637,0.06851530906990179,0.3138455613325631,0.38806085114577316,0.12227999229732332,0,0,1,0,0,0,0,0,0,0,0,0,0,0,0,0
93,COMMUNICATIONS,Communications & Journalism,213996,2394,476,209,0.305109489,179633,147335,49889,116251,14602,0.07517697599999999,35000,27000,45000,40763,97964,27440,,4.0,0.011187124992990523,0.8394222321912559,0.06823492027888371,0.19048486887605376,0.4577842576496757,0.1282266958260902,0,0,0,0,1,0,0,0,0,0,0,0,0,0,0,0
94,CRIMINAL JUSTICE AND FIRE PROTECTION,Law & Public Policy,152824,1728,3156,451,0.125034655,125393,109970,32242,88548,11268,0.082452199,35000,26000,45000,24348,88858,18404,,5.0,0.011307124535413287,0.820505941475161,0.07373187457467413,0.1593205255718997,0.5814400879443019,0.120426111082029,0,0,0,0,0,0,0,0,0,0,0,0,1,0,0,0
95,COMMERCIAL ART AND GRAPHIC DESIGN,Arts,103480,1186,8617,5156,0.37435562299999997,83483,67448,24387,52243,8947,0.096797577,35000,25000,45000,37389,38119,14839,,8.0,0.01146115191341322,0.8067549284885969,0.08646115191341322,0.36131619636644763,0.36837069965210667,0.1433996907614998,0,1,0,0,0,0,0,0,0,0,0,0,0,0,0,0
96,JOURNALISM,Communications & Journalism,72619,843,8739,22456,0.719858952,61022,51411,15902,39524,4535,0.069176442,35000,26000,42900,23279,26672,8512,,4.0,0.011608532202316198,0.8403035018383619,0.06244922127817789,0.3205634888940911,0.3672867982208513,0.11721450309147743,0,0,0,0,1,0,0,0,0,0,0,0,0,0,0,0
97,MULTI-DISCIPLINARY OR GENERAL SCIENCE,Physical Sciences,62052,427,70619,143377,0.669998505,46138,37850,13133,28966,2727,0.055806815,35000,24000,50000,17923,22039,5751,,10.0,0.006881325340037388,0.743537678076452,0.04394701218333011,0.28883839360536323,0.3551698575388384,0.09268033262425063,0,0,0,0,0,0,0,0,0,0,0,0,0,1,0,0
98,ADVERTISING AND PUBLIC RELATIONS,Communications & Journalism,53162,681,23736,48883,0.6731433920000001,45326,38815,10948,30932,3305,0.06796076599999999,35000,27000,47000,9659,23059,7214,,4.0,0.012809901809563222,0.8526014822617659,0.062168466197659984,0.18168992889658026,0.4337496708175012,0.13569843121026298,0,0,0,0,1,0,0,0,0,0,0,0,0,0,0,0
99,AREA ETHNIC AND CIVILIZATION STUDIES,Humanities & Liberal Arts,31195,249,12862,40300,0.758060269,24629,18755,9541,13109,1668,0.063429289,35000,24500,44000,8465,11818,3677,,15.0,0.00798204840519314,0.7895175508895657,0.05347010738900465,0.2713575893572688,0.3788427632633435,0.11787145375861516,0,0,0,0,0,0,0,0,0,1,0,0,0,0,0,0
100,SPECIAL NEEDS EDUCATION,Education,28739,246,11431,6604,0.366176878,24639,21584,5153,16642,1067,0.041507819,35000,32000,42000,20185,3797,1179,,16.0,0.008559796791816,0.8573367201364,0.03712724868645395,0.7023556839138453,0.13212011552246078,0.04102439194126448,0,0,0,0,0,0,1,0,0,0,0,0,0,0,0,0
101,PHYSIOLOGY,Biology & Life Science,22060,99,2682,26057,0.9066773370000001,14643,10732,6541,7588,1088,0.06916280000000001,35000,20000,50000,6587,6894,2237,,14.0,0.004487760652765186,0.663780598368087,0.049320036264732546,0.2985947416137806,0.3125113327289211,0.1014052583862194,0,0,1,0,0,0,0,0,0,0,0,0,0,0,0,0
102,CRIMINOLOGY,Social Science,19879,214,8422,13638,0.618223028,16181,13616,4543,10548,1743,0.097243919,35000,25000,45000,3373,10605,1895,,9.0,0.010765129030635343,0.8139745460033201,0.08768046682428694,0.1696765430856683,0.5334775391116253,0.0953267266965139,0,0,0,0,0,0,0,0,0,0,0,0,0,0,0,1
103,NUTRITION SCIENCES,Health,18909,118,4944,8719,0.63814682,13217,9601,6648,6625,975,0.068700676,35000,26000,45000,6535,5473,2449,,12.0,0.006240414617377968,0.6989793220159712,0.05156274789782643,0.3456026230895341,0.28943889153313235,0.12951504574541223,0,0,0,0,0,0,0,0,1,0,0,0,0,0,0,0
104,HEALTH AND MEDICAL ADMINISTRATIVE SERVICES,Health,18109,184,2817,9479,0.770901106,15419,13534,3299,10982,1518,0.089626262,35000,27000,42000,2589,8592,1391,,12.0,0.010160693577779005,0.8514550775857308,0.08382572201667679,0.14296758517864044,0.4744602131536805,0.07681263460157932,0,0,0,0,0,0,0,0,1,0,0,0,0,0,0,0
105,COMMUNICATION TECHNOLOGIES,Computers & Mathematics,18035,208,2563,16346,0.8644560790000001,14779,11981,4690,9085,2006,0.11951146900000001,35000,25000,45000,4545,8794,2495,,11.0,0.011533130024951483,0.8194621569171057,0.11122816745217633,0.2520099805932908,0.4876074299972276,0.1383421125589132,0,0,0,0,0,1,0,0,0,0,0,0,0,0,0,0
106,TRANSPORTATION SCIENCES AND TECHNOLOGIES,Industrial Arts & Consumer Services,15150,180,2744,1299,0.321296067,12266,11688,2633,9170,962,0.072724524,35000,22000,52000,4575,6147,557,,7.0,0.011881188118811881,0.8096369636963696,0.0634983498349835,0.30198019801980197,0.40574257425742577,0.036765676567656766,0,0,0,0,0,0,0,0,0,0,1,0,0,0,0,0
107,NATURAL RESOURCES MANAGEMENT,Agriculture & Natural Resources,13773,152,27015,35037,0.564639335,11797,10722,2613,6954,842,0.066619195,35000,25000,42000,4333,5808,1405,,10.0,0.011036085094024541,0.856530893777681,0.061134102955056994,0.31460103100268644,0.42169461990851664,0.10201118129674,1,0,0,0,0,0,0,0,0,0,0,0,0,0,0,0
108,NEUROSCIENCE,Biology & Life Science,13663,53,80231,72593,0.47501047,9087,8027,3078,5482,463,0.048481675,35000,30000,44000,5605,2301,902,,14.0,0.0038790895118202447,0.665080875356803,0.03388714045231647,0.41023201346702776,0.16841103710751665,0.06601771206909171,0,0,1,0,0,0,0,0,0,0,0,0,0,0,0,0
109,MULTI/INTERDISCIPLINARY STUDIES,Interdisciplinary,12296,128,10031,9848,0.495397153,9821,8032,3173,6234,749,0.070860927,35000,25000,44000,5176,3903,1061,,1.0,0.01040988939492518,0.7987150292778139,0.06091411841249187,0.4209499024072869,0.3174202992843201,0.086288223812622,0,0,0,0,0,0,0,0,0,0,0,1,0,0,0,0
110,ATMOSPHERIC SCIENCES AND METEOROLOGY,Physical Sciences,4043,32,13257,1893,0.124950495,3431,2659,1309,2161,78,0.022228555,35000,28000,50000,1808,1317,237,,10.0,0.007914914667326243,0.8486272569873856,0.01929260450160772,0.4471926787039327,0.32574820677714567,0.05861983675488499,0,0,0,0,0,0,0,0,0,0,0,0,0,1,0,0
111,FORESTRY,Agriculture & Natural Resources,3607,48,32041,71439,0.690365288,3007,2473,891,1763,322,0.096725743,35000,28600,48000,1096,1692,327,,10.0,0.013307457721097865,0.8336567784862767,0.08927086221236484,0.30385361796506793,0.4690878846686998,0.0906570557249792,1,0,0,0,0,0,0,0,0,0,0,0,0,0,0,0
112,SOIL SCIENCE,Agriculture & Natural Resources,685,4,4266,13843,0.764426528,613,488,185,383,0,0.0,35000,18500,44000,355,144,0,,10.0,0.00583941605839416,0.8948905109489051,0.0,0.5182481751824818,0.21021897810218979,0.0,1,0,0,0,0,0,0,0,0,0,0,0,0,0,0,0
113,GENERAL EDUCATION,Education,143718,919,26893,116825,0.8128766059999999,118241,98408,29558,73531,7195,0.057359929000000004,34000,26000,41000,82007,31112,11443,,16.0,0.006394466942206265,0.8227292336380968,0.05006331844306211,0.5706105011202494,0.2164794945657468,0.07962120263293394,0,0,0,0,0,0,1,0,0,0,0,0,0,0,0,0
114,HISTORY,Humanities & Liberal Arts,141951,1058,280,524,0.651741294,105646,84681,40657,59218,11176,0.09566691199999999,34000,25000,47000,35336,54569,16839,,15.0,0.007453276130495735,0.7442427316468359,0.07873139322724039,0.2489309691372375,0.3844213848440659,0.11862544117336264,0,0,0,0,0,0,0,0,0,1,0,0,0,0,0,0
115,FRENCH GERMAN LATIN AND OTHER COMMON FOREIGN LANGUAGE STUDIES,Humanities & Liberal Arts,48246,342,3872,10365,0.728032591,38315,29340,14569,20056,3132,0.075566386,34000,25000,45000,15051,18193,5267,,15.0,0.007088670563362766,0.7941591012726443,0.06491729884342744,0.31196368610869296,0.37708825602122453,0.10916967209716867,0,0,0,0,0,0,0,0,0,1,0,0,0,0,0,0
116,INTERCULTURAL AND INTERNATIONAL STUDIES,Humanities & Liberal Arts,24650,184,9950,10248,0.507376968,18824,14354,7978,8801,1718,0.083633531,34000,24000,45000,4956,10343,3168,,15.0,0.007464503042596349,0.7636511156186613,0.06969574036511156,0.2010547667342799,0.41959432048681544,0.12851926977687628,0,0,0,0,0,0,0,0,0,1,0,0,0,0,0,0
117,SOCIAL SCIENCE OR HISTORY TEACHER EDUCATION,Education,20198,157,12835,35411,0.733967583,17700,14002,5168,8871,1012,0.054082940999999995,34000,23050,42000,10928,5561,1806,,16.0,0.0077730468363204274,0.8763243885533221,0.050103970690167345,0.5410436676898703,0.2753242895336172,0.08941479354391524,0,0,0,0,0,0,1,0,0,0,0,0,0,0,0,0
118,COMMUNITY AND PUBLIC HEALTH,Health,19735,130,8575,16075,0.6521298170000001,14512,10099,6377,7460,1833,0.112144387,34000,21000,45000,5225,7385,1854,,12.0,0.006587281479604763,0.7353432987078794,0.09288066886242716,0.2647580440841145,0.3742082594375475,0.09394476817836331,0,0,0,0,0,0,0,0,1,0,0,0,0,0,0,0
119,MATHEMATICS TEACHER EDUCATION,Education,14237,123,4103,15632,0.792095262,13115,11259,2273,8073,216,0.016202835,34000,30000,40000,10699,1977,786,,16.0,0.008639460560511344,0.9211912622041161,0.015171735618458944,0.7514925897309827,0.13886352461895063,0.05520826016717005,0,0,0,0,0,0,1,0,0,0,0,0,0,0,0,0
120,EDUCATIONAL ADMINISTRATION AND SUPERVISION,Education,804,5,78253,63698,0.448732309,703,733,0,504,0,0.0,34000,29000,35000,346,206,111,,16.0,0.006218905472636816,0.8743781094527363,0.0,0.43034825870646765,0.2562189054726368,0.13805970149253732,0,0,0,0,0,0,1,0,0,0,0,0,0,0,0,0
121,HEALTH AND MEDICAL PREPARATORY PROGRAMS,Health,12740,31,4747,5959,0.5566037739999999,7052,5029,3891,3236,529,0.06977971200000001,33500,23000,40000,3051,3539,1159,,12.0,0.0024332810047095763,0.5535321821036107,0.04152276295133438,0.23948194662480377,0.27778649921507065,0.09097331240188383,0,0,0,0,0,0,0,0,1,0,0,0,0,0,0,0
122,MISCELLANEOUS BIOLOGY,Biology & Life Science,10706,63,5521,7219,0.566640502,7767,6076,2568,4542,483,0.058545455,33500,23000,48000,4253,2722,459,,14.0,0.005884550719222866,0.7254810386699048,0.0451148888473753,0.3972538763310293,0.2542499532972165,0.04287315524005231,0,0,1,0,0,0,0,0,0,0,0,0,0,0,0,0
123,BIOLOGY,Biology & Life Science,280709,1370,111762,168947,0.601858152,182295,144512,72371,100336,13874,0.070724732,33400,24000,45000,88232,81109,28339,,14.0,0.0048804990221189915,0.6494091746256799,0.04942484922107948,0.3143183866566444,0.28894335414967104,0.10095508159695628,0,0,1,0,0,0,0,0,0,0,0,0,0,0,0,0
124,SOCIOLOGY,Social Science,115433,1024,24704,28120,0.532333788,92721,73475,29639,56561,8608,0.084951001,33000,25000,44000,29051,48899,13748,,9.0,0.008870946782982336,0.8032451725243215,0.07457139639444527,0.251669799797285,0.4236136979893098,0.11909939098871207,0,0,0,0,0,0,0,0,0,0,0,0,0,0,0,1
125,MASS MEDIA,Communications & Journalism,52824,590,3741,26730,0.8772275279999999,44679,35769,13078,27521,4410,0.089836827,33000,25000,45000,12855,25297,6429,,4.0,0.011169165530819324,0.8458087233075875,0.08348477964561563,0.24335529304861428,0.478892170225655,0.12170604270786006,0,0,0,0,1,0,0,0,0,0,0,0,0,0,0,0
126,TREATMENT THERAPY PROFESSIONS,Health,48491,224,3654,6496,0.64,37861,30020,12346,21735,2409,0.059821207,33000,24000,41000,22215,14616,4468,,12.0,0.004619413911859932,0.7807840630220041,0.049679321936029364,0.4581262502320018,0.3014167577488606,0.09214080963477758,0,0,0,0,0,0,0,0,1,0,0,0,0,0,0,0
127,HOSPITALITY MANAGEMENT,Business,43647,546,4416,12185,0.733991928,36728,32160,7494,23106,2393,0.061169193,33000,25000,42000,2325,23341,9063,,13.0,0.012509450821362292,0.841478223016473,0.05482621944234426,0.053268265860196576,0.5347675670721929,0.20764313698535983,0,0,0,1,0,0,0,0,0,0,0,0,0,0,0,0
128,LANGUAGE AND DRAMA EDUCATION,Education,30471,235,3878,5276,0.576360061,26033,21419,7239,15266,1379,0.050306435,33000,24000,40000,17985,6824,2819,,16.0,0.0077122509927472025,0.8543533195497358,0.0452561451872272,0.5902333366151422,0.22395064159364642,0.09251419382363558,0,0,0,0,0,0,1,0,0,0,0,0,0,0,0,0
129,LINGUISTICS AND COMPARATIVE LANGUAGE AND LITERATURE,Humanities & Liberal Arts,16601,88,2337,7579,0.76432029,11165,8462,4831,5821,1302,0.10443571,33000,25000,40000,4122,5695,2085,,15.0,0.0053008854888259745,0.6725498463947955,0.0784290103005843,0.24829829528341665,0.34305162339618095,0.12559484368411541,0,0,0,0,0,0,0,0,0,1,0,0,0,0,0,0
130,MISCELLANEOUS EDUCATION,Education,10150,126,32510,82923,0.718364766,8691,7264,2202,5816,547,0.059211951,33000,30000,45000,5284,2438,657,,16.0,0.012413793103448275,0.856256157635468,0.05389162561576355,0.5205911330049261,0.24019704433497538,0.06472906403940887,0,0,0,0,0,0,1,0,0,0,0,0,0,0,0,0
131,INTERDISCIPLINARY SOCIAL SCIENCES,Social Science,9916,95,13487,35004,0.721865913,7444,5843,2834,4714,757,0.092305816,33000,24000,40000,2630,3906,1470,,9.0,0.009580475998386446,0.7507059298104074,0.0763412666397741,0.26522791448164584,0.3939088342073417,0.1482452601855587,0,0,0,0,0,0,0,0,0,0,0,0,0,0,0,1
132,ECOLOGY,Biology & Life Science,9154,86,15204,28443,0.651659908,7585,5603,2741,3912,437,0.054475193,33000,23000,42000,2856,4159,976,,14.0,0.00939480008739349,0.8285995193358094,0.04773869346733668,0.3119947563906489,0.4543369019008084,0.10662005680576797,0,0,1,0,0,0,0,0,0,0,0,0,0,0,0,0
133,SECONDARY TEACHER EDUCATION,Education,17125,156,6820,10305,0.601751825,15116,12520,3782,9193,833,0.05222898,32500,25000,38000,10304,3967,1385,,16.0,0.00910948905109489,0.8826861313868614,0.04864233576642336,0.6016934306569343,0.23164963503649635,0.08087591240875912,0,0,0,0,0,0,1,0,0,0,0,0,0,0,0,0
134,GENERAL MEDICAL AND HEALTH SERVICES,Health,33599,202,7574,26025,0.774576624,24406,18166,11088,12809,2183,0.082101621,32400,25000,45000,9364,12889,3816,,12.0,0.006012083692967052,0.7263906663888806,0.06497217179082711,0.27869877079674993,0.3836126075180809,0.11357480877407065,0,0,0,0,0,0,0,0,1,0,0,0,0,0,0,0
135,PHILOSOPHY AND RELIGIOUS STUDIES,Humanities & Liberal Arts,54814,375,31967,22847,0.41680957399999996,40157,31086,16659,21816,4267,0.096051684,32200,23000,47100,14444,20313,8051,,15.0,0.006841317911482468,0.7326048089904039,0.07784507607545517,0.26350932243587405,0.37058050862918235,0.14687853468092094,0,0,0,0,0,0,0,0,0,1,0,0,0,0,0,0
136,ART AND MUSIC EDUCATION,Education,34181,338,10732,23449,0.6860244000000001,30007,23018,9209,16537,1206,0.038637747,32100,25000,40000,20821,8260,2767,,16.0,0.009888534565986953,0.8778853749158889,0.03528275942775226,0.6091395804686814,0.24165472045873437,0.08095140575173342,0,0,0,0,0,0,1,0,0,0,0,0,0,0,0,0
137,ENGLISH LANGUAGE AND LITERATURE,Humanities & Liberal Arts,194673,1436,4897,2519,0.339670982,149180,114386,57825,81180,14345,0.08772359,32000,23000,41000,57690,71827,26503,,15.0,0.007376472340797131,0.7663106850975738,0.0736876711202889,0.2963430984265923,0.36896231115768496,0.13614111869648077,0,0,0,0,0,0,0,0,0,1,0,0,0,0,0,0
138,ELEMENTARY EDUCATION,Education,170862,1629,13029,157833,0.923745479,149339,123177,37965,86540,7297,0.046585715,32000,23400,38000,108085,36972,11502,,16.0,0.009534009902728518,0.8740328452201191,0.042706979901909144,0.6325865318210018,0.2163851529304351,0.06731748428556379,0,0,0,0,0,0,1,0,0,0,0,0,0,0,0,0
139,PHYSICAL FITNESS PARKS RECREATION AND LEISURE,Industrial Arts & Consumer Services,125074,1014,2049,4434,0.6839426190000001,103078,77428,38515,57978,5593,0.051467273,32000,24000,43000,27581,63946,16838,,7.0,0.00810720053728193,0.8241361114220381,0.04471752722388346,0.2205174536674289,0.511265330924093,0.13462430241297152,0,0,0,0,0,0,0,0,0,0,1,0,0,0,0,0
140,LIBERAL ARTS,Humanities & Liberal Arts,71369,569,58227,136446,0.70089843,54844,43401,19187,33438,4657,0.078267592,32000,25000,42000,18565,28558,9030,,15.0,0.00797264918942398,0.7684568930488027,0.0652524205187126,0.26012694587285795,0.4001457215317575,0.12652552228558617,0,0,0,0,0,0,0,0,0,1,0,0,0,0,0,0
141,FILM VIDEO AND PHOTOGRAPHIC ARTS,Arts,38761,331,22339,49030,0.686992952,31433,22457,12818,15740,3718,0.10577224,32000,22000,42000,7368,20721,5862,,8.0,0.008539511364515879,0.8109439900931349,0.09592115786486417,0.19008797502644412,0.5345837310698899,0.15123448827429634,0,1,0,0,0,0,0,0,0,0,0,0,0,0,0,0
142,GENERAL SOCIAL SCIENCES,Social Science,12920,113,62181,62893,0.502846315,9602,7700,3396,5679,1108,0.103454715,32000,27000,50000,3602,4778,1634,,9.0,0.008746130030959752,0.743188854489164,0.08575851393188855,0.2787925696594427,0.3698142414860681,0.1264705882352941,0,0,0,0,0,0,0,0,0,0,0,0,0,0,0,1
143,PLANT SCIENCE AND AGRONOMY,Agriculture & Natural Resources,7416,110,5079,7841,0.606888545,6594,5798,1246,4522,314,0.045454545,32000,22900,40000,2089,3545,1231,,10.0,0.01483279395900755,0.88915857605178,0.04234088457389428,0.28168824163969797,0.4780204962243797,0.16599244875943905,1,0,0,0,0,0,0,0,0,0,0,0,0,0,0,0
144,SCIENCE AND COMPUTER TEACHER EDUCATION,Education,6483,59,22357,16404,0.423208896,5362,4764,1227,3247,266,0.047263682,32000,28000,39000,4214,1106,591,,16.0,0.009100724973006324,0.8270862255128798,0.04103038716643529,0.6500077124787906,0.17060003084991515,0.09116149930587691,0,0,0,0,0,0,1,0,0,0,0,0,0,0,0,0
145,PSYCHOLOGY,Psychology & Social Work,393735,2584,86648,307087,0.7799332040000001,307933,233205,115172,174438,28169,0.083810867,31500,24000,41000,125148,141860,48207,,9.0,0.006562789693575629,0.7820818570866191,0.07154304290957116,0.3178482989828184,0.3602930905304329,0.12243514038630043,0,0,0,0,0,0,0,0,0,0,0,0,0,0,1,0
146,MUSIC,Arts,60633,419,15670,12543,0.444582285,47662,29010,24943,21425,3918,0.075959674,31000,22300,42000,13752,28786,9286,,8.0,0.006910428314614154,0.7860735902891165,0.06461827717579535,0.22680718420662016,0.4747579700822984,0.15315092441409794,0,1,0,0,0,0,0,0,0,0,0,0,0,0,0,0
147,PHYSICAL AND HEALTH EDUCATION TEACHING,Education,28213,259,29909,30724,0.506720763,23794,19420,7230,13651,1920,0.074667496,31000,24000,40000,12777,9328,2042,,16.0,0.00918016517208379,0.8433700776237905,0.06805373409421189,0.4528763336050757,0.33062772480771274,0.07237798178144828,0,0,0,0,0,0,1,0,0,0,0,0,0,0,0,0
148,ART HISTORY AND CRITICISM,Humanities & Liberal Arts,21030,204,3240,17790,0.845934379,17579,13262,6140,9965,1128,0.060298284,31000,23000,40000,5139,9738,3426,,15.0,0.009700427960057061,0.8359010936757014,0.053637660485021395,0.2443651925820257,0.4630527817403709,0.1629101283880171,0,0,0,0,0,0,0,0,0,1,0,0,0,0,0,0
149,FINE ARTS,Arts,74440,623,24786,49654,0.667033853,59679,42764,23656,31877,5486,0.084186296,30500,21000,41000,20792,32725,11880,,8.0,0.008369156367544331,0.8017060720042988,0.07369693713057496,0.27931219774314886,0.43961579795808703,0.1595916174099946,0,1,0,0,0,0,0,0,0,0,0,0,0,0,0,0
150,FAMILY AND CONSUMER SCIENCES,Industrial Arts & Consumer Services,58001,518,5347,16226,0.7521438840000001,46624,36747,15872,26906,3355,0.067128194,30000,22900,40000,20985,20133,5248,,7.0,0.008930880502060309,0.8038482095136291,0.0578438302787883,0.3618041068257444,0.3471147049188807,0.09048119860002414,0,0,0,0,0,0,0,0,0,0,1,0,0,0,0,0
151,SOCIAL WORK,Psychology & Social Work,53552,374,2734,11709,0.810704147,45038,34941,13481,27588,3329,0.06882792,30000,25000,35000,27449,14416,4344,,9.0,0.006983866148789961,0.8410143412010755,0.062163878099790855,0.5125672243800419,0.26919629518972216,0.08111741858380639,0,0,0,0,0,0,0,0,0,0,0,0,0,0,1,0
152,ANIMAL SCIENCES,Agriculture & Natural Resources,21573,255,5166,52835,0.91093257,17112,14479,5353,10824,917,0.050862499000000005,30000,22000,40000,5443,9571,2125,,10.0,0.01182033096926714,0.7932137393964678,0.042506837250266535,0.2523061233949845,0.4436564223798266,0.09850275807722617,1,0,0,0,0,0,0,0,0,0,0,0,0,0,0,0
153,VISUAL AND PERFORMING ARTS,Arts,16250,132,2013,4639,0.697384245,12870,8447,6253,6322,1465,0.102197419,30000,22000,40000,3849,7635,2840,,8.0,0.008123076923076924,0.792,0.09015384615384615,0.23686153846153846,0.46984615384615386,0.17476923076923076,0,1,0,0,0,0,0,0,0,0,0,0,0,0,0,0
154,TEACHER EDUCATION: MULTIPLE LEVELS,Education,14443,142,1936,7692,0.798919817,13076,11734,2214,8457,496,0.03654583,30000,24000,37000,10766,1949,722,,16.0,0.009831752406009833,0.9053520736689054,0.03434189572803434,0.7454130028387455,0.13494426365713494,0.04998961434604999,0,0,0,0,0,0,1,0,0,0,0,0,0,0,0,0
155,MISCELLANEOUS PSYCHOLOGY,Psychology & Social Work,9628,60,885,8489,0.90558993,7653,5201,3221,3838,419,0.05190783,30000,20800,40000,2960,3948,1650,,9.0,0.0062318238471125885,0.7948691316992106,0.04351890319900291,0.30743664312422103,0.41005400914000834,0.17137515579559617,0,0,0,0,0,0,0,0,0,0,0,0,0,0,1,0
156,HUMAN SERVICES AND COMMUNITY ORGANIZATION,Psychology & Social Work,9374,89,5137,48415,0.9040745440000001,8294,6455,2405,5061,326,0.037819026,30000,24000,35000,2878,4595,724,,9.0,0.009494346063580116,0.8847877106891402,0.03477704288457435,0.30701941540430977,0.49018561979944525,0.07723490505653936,0,0,0,0,0,0,0,0,0,0,0,0,0,0,1,0
157,HUMANITIES,Humanities & Liberal Arts,6652,49,4133,12117,0.745661538,5052,3565,2225,2661,372,0.068584071,30000,20000,49000,1168,3354,1141,,15.0,0.007366205652435358,0.7594708358388454,0.05592303066746843,0.17558628983764282,0.5042092603728202,0.17152736019242334,0,0,0,0,0,0,0,0,0,1,0,0,0,0,0,0
158,THEOLOGY AND RELIGIOUS VOCATIONS,Humanities & Liberal Arts,30207,310,404,1084,0.7284946240000001,24202,18079,8767,13944,1617,0.062628297,29000,22000,38000,9927,12037,3304,,15.0,0.010262521932002515,0.8012050187042739,0.053530638593703446,0.32863243619028704,0.39848379514682025,0.10937862084947197,0,0,0,0,0,0,0,0,0,1,0,0,0,0,0,0
159,STUDIO ARTS,Arts,16977,182,4364,6146,0.584776403,13908,10451,5673,7413,1368,0.089552239,29000,19200,38300,3948,8707,3586,,8.0,0.01072038640513636,0.8192260116628379,0.08057960770454144,0.2325499204806503,0.5128703540083642,0.21122695411439005,0,1,0,0,0,0,0,0,0,0,0,0,0,0,0,0
160,COSMETOLOGY SERVICES AND CULINARY ARTS,Industrial Arts & Consumer Services,10510,117,18616,11591,0.38371900600000003,8650,7662,2064,5949,510,0.055676856,29000,20000,36000,563,7384,3163,,7.0,0.011132254995242626,0.8230256898192198,0.048525214081826834,0.053568030447193146,0.702568981921979,0.30095147478591816,0,0,0,0,0,0,0,0,0,0,1,0,0,0,0,0
161,MISCELLANEOUS AGRICULTURE,Agriculture & Natural Resources,1488,24,4754,12223,0.719974083,1290,1098,335,936,82,0.05976676400000001,29000,23000,42100,483,626,31,,10.0,0.016129032258064516,0.8669354838709677,0.05510752688172043,0.3245967741935484,0.4206989247311828,0.020833333333333332,1,0,0,0,0,0,0,0,0,0,0,0,0,0,0,0
162,ANTHROPOLOGY AND ARCHEOLOGY,Humanities & Liberal Arts,38844,247,1167,36422,0.968953683,29633,20147,14515,13232,3395,0.102791571,28000,20000,38000,9805,16693,6866,,15.0,0.006358768406961178,0.762872000823808,0.08740088559365668,0.2524199361548759,0.42974461950365567,0.1767583153125322,0,0,0,0,0,0,0,0,0,1,0,0,0,0,0,0
163,COMMUNICATION DISORDERS SCIENCES AND SERVICES,Health,38279,95,11376,27468,0.7071362370000001,29763,19975,13862,14460,1487,0.047583999999999994,28000,20000,40000,19957,9404,5125,,12.0,0.0024817785208600014,0.7775281485932234,0.03884636484756655,0.5213563572716111,0.24566994958071006,0.13388542020428956,0,0,0,0,0,0,0,0,1,0,0,0,0,0,0,0
164,EARLY CHILDHOOD EDUCATION,Education,37589,342,1225,37054,0.9679981190000001,32551,27569,7001,20748,1360,0.040104981,28000,21000,35000,23515,7705,2868,,16.0,0.009098406448695097,0.8659714278113277,0.03618079757375828,0.6255819521668573,0.20498018037191731,0.07629891723642555,0,0,0,0,0,0,1,0,0,0,0,0,0,0,0,0
165,OTHER FOREIGN LANGUAGES,Humanities & Liberal Arts,11204,56,3472,7732,0.690110675,7052,5197,3685,3214,846,0.107115726,27500,22900,38000,2326,3703,1115,,15.0,0.004998214923241699,0.629418064976794,0.07550874687611567,0.20760442699036058,0.33050696179935735,0.09951802927525884,0,0,0,0,0,0,0,0,0,1,0,0,0,0,0,0
166,DRAMA AND THEATER ARTS,Arts,43249,357,7022,11931,0.629504564,36165,25147,15994,16891,3040,0.07754113,27000,19200,35000,6994,25313,11068,,8.0,0.008254526116210779,0.8362043053018567,0.07029064255820944,0.16171472172767,0.5852852089065643,0.2559134315244283,0,1,0,0,0,0,0,0,0,0,0,0,0,0,0,0
167,COMPOSITION AND RHETORIC,Humanities & Liberal Arts,18953,151,14440,28809,0.666119448,15053,10121,6612,7832,1340,0.081742207,27000,20000,35000,4855,8100,3466,,15.0,0.007967076452276685,0.7942278267292777,0.07070120825199176,0.25615997467419405,0.4273729752545771,0.18287342373239066,0,0,0,0,0,0,0,0,0,1,0,0,0,0,0,0
168,ZOOLOGY,Biology & Life Science,8409,47,3050,5359,0.637293376,6259,5043,2190,3602,304,0.04632028,26000,20000,39000,2771,2947,743,,14.0,0.0055892496135093355,0.7443215602330836,0.03615174218099655,0.3295278867879653,0.3504578427874896,0.0883577119752646,0,0,1,0,0,0,0,0,0,0,0,0,0,0,0,0
169,EDUCATIONAL PSYCHOLOGY,Psychology & Social Work,2854,7,522,2332,0.8170988090000001,2125,1848,572,1211,148,0.065112187,25000,24000,34000,1488,615,82,,9.0,0.002452697967764541,0.7445690259285214,0.05185704274702172,0.5213735108619482,0.21548703573931324,0.028731604765241767,0,0,0,0,0,0,0,0,0,0,0,0,0,0,1,0
170,CLINICAL PSYCHOLOGY,Psychology & Social Work,2838,13,568,2270,0.799859056,2101,1724,648,1293,368,0.14904819800000002,25000,25000,40000,986,870,622,,9.0,0.0045806906272022555,0.7403100775193798,0.12966878083157152,0.3474277660324172,0.30655391120507397,0.21916842847075405,0,0,0,0,0,0,0,0,0,0,0,0,0,0,1,0
171,COUNSELING PSYCHOLOGY,Psychology & Social Work,4626,21,931,3695,0.798746217,3777,3154,965,2738,214,0.053620645999999994,23400,19200,26000,2403,1245,308,,9.0,0.004539559014267186,0.8164721141374838,0.04626026805015132,0.519455252918288,0.2691309987029831,0.06658019887591872,0,0,0,0,0,0,0,0,0,0,0,0,0,0,1,0
172,LIBRARY SCIENCE,Education,1098,2,134,964,0.877959927,742,593,237,410,87,0.10494571800000001,22000,20000,22000,288,338,192,,16.0,0.0018214936247723133,0.6757741347905283,0.07923497267759563,0.26229508196721313,0.30783242258652094,0.17486338797814208,0,0,0,0,0,0,1,0,0,0,0,0,0,0,0,0
