,Median,Median_category,Major_code,Major_category,Percent_low_wage,Percent_college,Percent_non_college,Num_majors,ShareWomen,Women,Part_time,Unemployment_rate,P25th,P75th,Percent_sample_size,Major_category_Agriculture & Natural Resources,Major_category_Arts,Major_category_Biology & Life Science,Major_category_Business,Major_category_Communications & Journalism,Major_category_Computers & Mathematics,Major_category_Education,Major_category_Engineering,Major_category_Health,Major_category_Humanities & Liberal Arts,Major_category_Industrial Arts & Consumer Services,Major_category_Interdisciplinary,Major_category_Law & Public Policy,Major_category_Physical Sciences,Major_category_Psychology & Social Work,Major_category_Social Science
0,110000,110-120K,2419,Engineering,0.08251389482684908,0.6558358272766139,0.155622060709705,29.0,0.120564344,282,270,0.018380527,95000,125000,0.015391192817443352,0,0,0,0,0,0,0,1,0,0,0,0,0,0,0,0
1,75000,70-80K,2416,Engineering,0.06613756613756613,0.46296296296296297,0.33994708994708994,29.0,0.10185185199999999,77,170,0.117241379,55000,90000,0.009259259259259259,0,0,0,0,0,0,0,1,0,0,0,0,0,0,0,0
2,73000,70-80K,2415,Engineering,0.0,0.5327102803738317,0.205607476635514,29.0,0.153037383,131,133,0.024096386,50000,105000,0.0035046728971962616,0,0,0,0,0,0,0,1,0,0,0,0,0,0,0,0
3,70000,70-80K,2417,Engineering,0.0,0.4205087440381558,0.08108108108108109,29.0,0.107313196,135,150,0.050125313,43000,80000,0.012718600953895072,0,0,0,0,0,0,0,1,0,0,0,0,0,0,0,0
4,65000,60-70K,2405,Engineering,0.030130192188468692,0.5676999380037198,0.13763174209547427,29.0,0.341630502,11021,5180,0.061097712,50000,75000,0.008958462492250465,0,0,0,0,0,0,0,1,0,0,0,0,0,0,0,0
5,65000,60-70K,2418,Engineering,0.0948309366498251,0.44383987563155847,0.25534395647104546,29.0,0.144966965,373,264,0.177226407,50000,102000,0.006607073455110766,0,0,0,0,0,0,0,1,0,0,0,0,0,0,0,0
6,62000,60-70K,6202,Business,0.0685729414879534,0.4680963727826317,0.08313476303944929,13.0,0.535714286,960,296,0.095652174,53000,72000,0.013502779984114376,0,0,0,1,0,0,0,0,0,0,0,0,0,0,0,0
7,62000,60-70K,5001,Physical Sciences,0.12276785714285714,0.5424107142857143,0.27901785714285715,10.0,0.44135557299999995,1667,553,0.021167415,31500,109000,0.005580357142857143,0,0,0,0,0,0,0,0,0,0,0,0,0,1,0,0
8,60000,60-70K,2414,Engineering,0.03565830291470727,0.579258333607375,0.179595952952525,29.0,0.139792801,2105,13101,0.057342277999999997,48000,70000,0.01127955539478444,0,0,0,0,0,0,0,1,0,0,0,0,0,0,0,0
9,60000,60-70K,2408,Engineering,0.03888282409508506,0.5621327903639285,0.13337912593373974,29.0,0.437846874,6548,12695,0.059173845,45000,72000,0.007739767193690434,0,0,0,0,0,0,0,1,0,0,0,0,0,0,0,0
10,60000,60-70K,2407,Engineering,0.023590583024409032,0.5703625246738241,0.1377160464108613,29.0,0.199412643,8284,5146,0.065409275,45000,75000,0.009604737374223677,0,0,0,0,0,0,0,1,0,0,0,0,0,0,0,0
11,60000,60-70K,2401,Engineering,0.024704476026032672,0.5434984725727188,0.16104396334174526,29.0,0.19645025600000002,16016,2724,0.065162085,42000,70000,0.00976225262319033,0,0,0,0,0,0,0,1,0,0,0,0,0,0,0,0
12,60000,60-70K,2404,Engineering,0.05275827482447342,0.4305583416917419,0.1652290203945169,29.0,0.11955890300000001,10907,2694,0.09208386,36000,70000,0.005282514209294551,0,0,0,0,0,0,0,1,0,0,0,0,0,0,0,0
13,60000,60-70K,5008,Engineering,0.018929656461790137,0.6136947885019864,0.09137648983407338,29.0,0.310820285,1330,878,0.023042836,39000,65000,0.005141388174807198,0,0,0,0,0,0,0,1,0,0,0,0,0,0,0,0
14,58000,50-60K,2409,Engineering,0.06086554038417033,0.5644526729923629,0.21916223096505438,29.0,0.183985189,795,811,0.006334343,25000,74000,0.006942837306179125,0,0,0,0,0,0,0,1,0,0,0,0,0,0,0,0
15,57100,50-60K,2402,Engineering,0.058711484593837536,0.40369747899159664,0.17871148459383754,29.0,0.32078431399999996,2863,1983,0.087143069,40000,76000,0.0061624649859943975,0,0,0,0,0,0,0,1,0,0,0,0,0,0,0,0
16,57000,50-60K,2412,Engineering,0.03374103753690426,0.4378954027836356,0.17055040067482075,29.0,0.34347321799999997,6515,2243,0.042875544,37900,67000,0.009647827920708563,0,0,0,0,0,0,0,1,0,0,0,0,0,0,0,0
17,56000,50-60K,2400,Engineering,0.0521978021978022,0.4398547880690738,0.1918825222396651,29.0,0.252959838,15469,7199,0.059824231,36000,69000,0.0069498953427524855,0,0,0,0,0,0,0,1,0,0,0,0,0,0,0,0
18,54000,50-60K,2403,Engineering,0.048495575221238936,0.5893805309734513,0.22973451327433628,29.0,0.35044247799999995,990,343,0.061930782999999996,38000,65000,0.009203539823008849,0,0,0,0,0,0,0,1,0,0,0,0,0,0,0,0
19,54000,50-60K,3201,Law & Public Policy,0.1254355400696864,0.3501742160278746,0.45993031358885017,5.0,0.236062718,271,223,0.011689692,50000,54000,0.012195121951219513,0,0,0,0,0,0,0,0,0,0,0,0,1,0,0,0
20,53000,50-60K,2102,Computers & Mathematics,0.04008759419883259,0.5347766114137423,0.20002493785020145,11.0,0.578766338,2524,18726,0.063172771,39000,70000,0.009320521512792338,0,0,0,0,0,1,0,0,0,0,0,0,0,0,0,0
21,53000,50-60K,1104,Agriculture & Natural Resources,0.11121302453565696,0.2712680577849117,0.29213483146067415,10.0,0.222695002,28576,1121,0.09693146,32000,70000,0.008254987388213713,1,0,0,0,0,0,0,0,0,0,0,0,0,0,0,0
22,52000,50-60K,2502,Engineering,0.06018158236057069,0.4432338953739732,0.232252485948984,29.0,0.325091881,973,1873,0.087557114,35000,60000,0.0083873757025508,0,0,0,0,0,0,0,1,0,0,0,0,0,0,0,0
23,52000,50-60K,2413,Engineering,0.023387905111927832,0.6384898095556298,0.10190444370197127,29.0,0.292607004,3384,1040,0.027788805,35000,62000,0.007350484463748747,0,0,0,0,0,0,0,1,0,0,0,0,0,0,0,0
24,51000,50-60K,6212,Business,0.03783466039651579,0.33890877999251856,0.30679206968417677,13.0,0.278790146,5217,2420,0.058239614,38000,60000,0.014855982472078234,0,0,0,1,0,0,0,0,0,0,0,0,0,0,0,0
25,50000,50-60K,2406,Engineering,0.05454066562564672,0.5366771395781987,0.17602016819370497,29.0,0.22711794300000002,12072,10080,0.07060957400000001,40000,60000,0.01062969164487423,0,0,0,0,0,0,0,1,0,0,0,0,0,0,0,0
26,50000,50-60K,5601,Industrial Arts & Consumer Services,0.03800410855227592,0.17704616715320576,0.2892745161639096,7.0,0.342228811,1385,1751,0.060023041,36000,60000,0.015947670018380364,0,0,0,0,0,0,0,0,0,0,1,0,0,0,0,0
27,50000,50-60K,6204,Business,0.02429253324241391,0.12495738152062734,0.3093249232867371,13.0,0.322222222,232,1183,0.047858702999999995,40000,60000,0.013296965564268667,0,0,0,1,0,0,0,0,0,0,0,0,0,0,0,0
28,50000,50-60K,2499,Engineering,0.03996496222489872,0.377203547574729,0.2656301324865871,29.0,0.189970437,1735,1662,0.074392523,39000,65000,0.012920179568597394,0,0,0,0,0,0,0,1,0,0,0,0,0,0,0,0
29,50000,50-60K,5402,Law & Public Policy,0.05687520910003346,0.25928404148544665,0.3129809300769488,5.0,0.251388889,905,1306,0.128426299,35000,70000,0.009200401472064235,0,0,0,0,0,0,0,0,0,0,0,0,1,0,0,0
30,50000,50-60K,2410,Engineering,0.06424511984185817,0.5011119347664937,0.20509019026439337,29.0,0.558548009,3339,930,0.093588575,42000,56000,0.006424511984185817,0,0,0,0,0,0,0,1,0,0,0,0,0,0,0,0
31,50000,50-60K,2500,Engineering,0.03944444444444444,0.2825,0.3525,29.0,0.09071250900000001,1678,689,0.055030385,43000,60000,0.010833333333333334,0,0,0,0,0,0,0,1,0,0,0,0,0,0,0,0
32,50000,50-60K,6099,Arts,0.22604790419161677,0.20748502994011975,0.5131736526946108,8.0,0.41017964100000004,1370,1067,0.089375,25000,66000,0.008982035928143712,0,1,0,0,0,0,0,0,0,0,0,0,0,0,0,0
33,50000,50-60K,2411,Engineering,0.06805555555555555,0.6958333333333333,0.06944444444444445,29.0,0.32483805,3811,126,0.075038285,42800,57000,0.006944444444444444,0,0,0,0,0,0,0,1,0,0,0,0,0,0,0,0
34,48000,40-50K,6107,Health,0.029575823567055407,0.7241993562375235,0.12486508686972883,12.0,0.896018988,187621,40818,0.04486272400000001,39000,58000,0.012197102113718637,0,0,0,0,0,0,0,0,1,0,0,0,0,0,0,0
35,47000,40-50K,6207,Business,0.05678887831937011,0.1389235900198274,0.27762369202205084,13.0,0.355469059,49498,21463,0.060686356,35000,64000,0.012543981295772066,0,0,0,1,0,0,0,0,0,0,0,0,0,0,0,0
36,47000,40-50K,5501,Social Science,0.07650434120663281,0.18371670484821936,0.26612422529749297,9.0,0.34082495700000004,59476,25325,0.099092317,35000,65000,0.009493920874417403,0,0,0,0,0,0,0,0,0,0,0,0,0,0,0,1
37,46000,40-50K,6205,Business,0.09652683806946324,0.11862877762742445,0.3467147797323711,13.0,0.24919024,1154,1937,0.096448381,33000,58000,0.01496015636746354,0,0,0,1,0,0,0,0,0,0,0,0,0,0,0,0
38,46000,40-50K,2503,Engineering,0.1036493198013388,0.30101489958972144,0.5299071474843446,29.0,0.75047259,1588,597,0.028308097,35000,65000,0.015763334053120276,0,0,0,0,0,0,0,1,0,0,0,0,0,0,0,0
39,46000,40-50K,5102,Physical Sciences,0.05860113421550094,0.07655954631379962,0.697069943289225,10.0,0.430536761,5727,579,0.07154047,38000,53000,0.014650283553875236,0,0,0,0,0,0,0,0,0,0,0,0,0,1,0,0
40,45000,40-50K,6201,Business,0.05480458936833255,0.05747786118117332,0.19796811204583328,13.0,0.253583302,9306,27693,0.069749014,34000,56000,0.010280265615481819,0,0,0,1,0,0,0,0,0,0,0,0,0,0,0,0
41,45000,40-50K,3700,Computers & Mathematics,0.06311034987637609,0.48068290122518886,0.2048289293755266,11.0,0.24410308100000003,2908,18079,0.047277137999999996,33000,60000,0.007472685332265149,0,0,0,0,0,1,0,0,0,0,0,0,0,0,0,0
42,45000,40-50K,2100,Computers & Mathematics,0.045561065998147035,0.3636165458608099,0.32108016785655896,11.0,0.7077185020000001,1247,4332,0.093460326,30000,60000,0.01158101258924192,0,0,0,0,0,1,0,0,0,0,0,0,0,0,0,0
43,45000,40-50K,5007,Physical Sciences,0.05671706801070251,0.5809843818057371,0.14236824093086928,10.0,0.448098678,32441,8721,0.048224496,30000,68000,0.004417895588326799,0,0,0,0,0,0,0,0,0,0,0,0,0,1,0,0
44,45000,40-50K,6105,Health,0.06296342842779942,0.3484981777051653,0.45092371496795275,12.0,0.43429844100000004,2145,2665,0.03698279,36000,50000,0.011939173055171547,0,0,0,0,0,0,0,0,1,0,0,0,0,0,0,0
45,45000,40-50K,2105,Computers & Mathematics,0.051036682615629984,0.3685049945437757,0.3443297238311089,11.0,0.526475764,3291,1468,0.060741445,32500,58000,0.013262822127088056,0,0,0,0,0,1,0,0,0,0,0,0,0,0,0,0
46,45000,40-50K,3702,Computers & Mathematics,0.054871220604703244,0.3676211806111022,0.1919692849144137,11.0,0.281936407,9062,1840,0.086273666,26700,60000,0.005919052951527755,0,0,0,0,0,1,0,0,0,0,0,0,0,0,0,0
47,45000,40-50K,3701,Computers & Mathematics,0.07228183842883175,0.4934197205912128,0.16258351893095768,11.0,0.75392736,11998,1176,0.09082330699999999,34000,63000,0.00911115610447459,0,0,0,0,0,1,0,0,0,0,0,0,0,0,0,0
48,45000,40-50K,3607,Biology & Life Science,0.05278093076049943,0.3422247446083995,0.27128263337116915,14.0,0.524152583,104114,532,0.085531575,40000,45000,0.00170261066969353,0,0,1,0,0,0,0,0,0,0,0,0,0,0,0,0
49,44700,40-50K,5006,Physical Sciences,0.07692307692307693,0.18982630272952852,0.4119106699751861,10.0,0.688999173,1666,379,0.056994819,23000,50000,0.01488833746898263,0,0,0,0,0,0,0,0,0,0,0,0,0,1,0,0
50,44000,40-50K,2501,Engineering,0.08430832759807295,0.16586373021335168,0.2904335856847901,29.0,0.174122505,506,462,0.03365166,30000,50000,0.009979353062629044,0,0,0,0,0,0,0,1,0,0,0,0,0,0,0,0
51,42000,40-50K,6104,Health,0.11417782972219725,0.18798885192843656,0.6246516227636429,12.0,0.178981938,109,4107,0.042506527,30000,65000,0.006023554796367886,0,0,0,0,0,0,0,0,1,0,0,0,0,0,0,0
52,42000,40-50K,4005,Computers & Mathematics,0.041050903119868636,0.7422003284072249,0.11001642036124795,11.0,0.927807246,10320,0,0.0,30000,78000,0.011494252873563218,0,0,0,0,0,1,0,0,0,0,0,0,0,0,0,0
53,41300,40-50K,2101,Computers & Mathematics,0.06309980806142035,0.4856046065259117,0.24784069097888675,11.0,0.269193858,1122,482,0.11398259,20000,46000,0.010316698656429943,0,0,0,0,0,1,0,0,0,0,0,0,0,0,0,0
54,41000,40-50K,4006,Biology & Life Science,0.03523884103367267,0.357347950926651,0.240407204385278,14.0,0.854523227,699,711,0.075236167,20000,60000,0.006525711302531976,0,0,1,0,0,0,0,0,0,0,0,0,0,0,0,0
55,41000,40-50K,2303,Education,0.0,0.6222493887530562,0.2701711491442543,16.0,0.56486557,2164,135,0.10757946199999999,41000,43000,0.004889975550122249,0,0,0,0,0,0,1,0,0,0,0,0,0,0,0,0
56,40100,40-50K,5505,Social Science,0.08865789193599886,0.24032355341114697,0.3395182176180509,9.0,0.632986838,17842,5563,0.09679894300000001,31200,53000,0.007769539149253202,0,0,0,0,0,0,0,0,0,0,0,0,0,0,0,1
57,40000,40-50K,6200,Business,0.11645850206743681,0.12504369325205678,0.4298179803060659,13.0,0.4179248,4346,36241,0.072861468,30000,55000,0.010145359989769384,0,0,0,1,0,0,0,0,0,0,0,0,0,0,0,0
58,40000,40-50K,1401,Engineering,0.09093063334769495,0.3485135717363205,0.2956484274019819,29.0,0.321769663,4582,10206,0.113331949,31000,50000,0.007798362774666092,0,0,0,0,0,0,0,1,0,0,0,0,0,0,0,0
59,40000,40-50K,6210,Business,0.11763342859349657,0.13064802656986174,0.36618521665250636,13.0,0.28290282899999997,690,4890,0.096175064,30000,50000,0.010040936124198657,0,0,0,1,0,0,0,0,0,0,0,0,0,0,0,0
60,40000,40-50K,6108,Health,0.04759882807524097,0.49140163899622097,0.1907774616789096,12.0,0.451464886,20957,5346,0.055520827,20000,90000,0.0016135195957708802,0,0,0,0,0,0,0,0,1,0,0,0,0,0,0,0
61,40000,40-50K,3603,Biology & Life Science,0.06382513661202185,0.3948087431693989,0.17185792349726775,14.0,0.07745302700000001,371,4590,0.084361164,29000,47000,0.004918032786885246,0,0,1,0,0,0,0,0,0,0,0,0,0,0,0,0
62,40000,40-50K,6299,Business,0.09795508998718448,0.12458906781077618,0.49796623391096007,13.0,0.200022717,1761,3366,0.071982974,30000,51000,0.013595587006184878,0,0,0,1,0,0,0,0,0,0,0,0,0,0,0,0
63,40000,40-50K,1101,Agriculture & Natural Resources,0.09564606741573034,0.13518258426966293,0.43686797752808987,10.0,0.59420765,10874,2196,0.050030835999999995,25000,50000,0.01917134831460674,1,0,0,0,0,0,0,0,0,0,0,0,0,0,0,0
64,40000,40-50K,1100,Agriculture & Natural Resources,0.08068083469564381,0.23252235791903067,0.4536013078180594,10.0,0.515543329,1874,2031,0.019642463,30000,50000,0.015193768631599193,1,0,0,0,0,0,0,0,0,0,0,0,0,0,0,0
65,40000,40-50K,2599,Engineering,0.04384370740572467,0.2778282598818719,0.4425261244888687,29.0,0.0,0,1240,0.05253852,30400,56000,0.014198091776465242,0,0,0,0,0,0,0,1,0,0,0,0,0,0,0,0
66,40000,40-50K,2504,Engineering,0.08475991649269311,0.388517745302714,0.44279749478079333,29.0,0.377437326,542,247,0.056357078,27000,52000,0.014822546972860125,0,0,0,0,0,0,0,1,0,0,0,0,0,0,0,0
67,40000,40-50K,3605,Biology & Life Science,0.05529573590096286,0.4607977991746905,0.18651994497936727,14.0,0.643331121,1939,847,0.034117647,34000,45000,0.003026134800550206,0,0,1,0,0,0,0,0,0,0,0,0,0,0,0,0
68,40000,40-50K,5599,Social Science,0.1745354858361255,0.22662199208041425,0.5038074931465123,9.0,0.5434054220000001,1784,907,0.073079538,30000,54000,0.008528784648187633,0,0,0,0,0,0,0,0,0,0,0,0,0,0,0,1
69,40000,40-50K,6403,Humanities & Liberal Arts,0.09808379343942839,0.26014939915557,0.5167262098083794,15.0,0.6307163179999999,14854,839,0.047179487,30000,42000,0.0071451770055212735,0,0,0,0,0,0,0,0,0,1,0,0,0,0,0,0
70,40000,40-50K,5205,Psychology & Social Work,0.0902455209024552,0.18546781685467817,0.40610484406104846,9.0,0.43630163299999997,102352,1095,0.10878661099999999,32000,53000,0.007962840079628402,0,0,0,0,0,0,0,0,0,0,0,0,0,0,1,0
71,40000,40-50K,1102,Agriculture & Natural Resources,0.03854038540385404,0.21935219352193522,0.36613366133661335,10.0,0.589711902,15270,620,0.077249576,27000,54000,0.018040180401804017,1,0,0,0,0,0,0,0,0,0,0,0,0,0,0,0
72,40000,40-50K,5000,Physical Sciences,0.1873259052924791,0.36908077994428967,0.32381615598885793,10.0,0.42692372,7662,437,0.035353535,30000,55000,0.006963788300835654,0,0,0,0,0,0,0,0,0,0,0,0,0,1,0,0
74,39000,30-40K,5003,Physical Sciences,0.06445212686006313,0.4566661656395611,0.22122350819179318,10.0,0.5051405379999999,33607,15066,0.053972400000000004,30000,49900,0.005305877047948294,0,0,0,0,0,0,0,0,0,0,0,0,0,1,0,0
75,38400,30-40K,5701,Industrial Arts & Consumer Services,0.03326488706365503,0.09075975359342915,0.6813141683778234,7.0,0.23244353199999998,566,287,0.029479502999999997,22500,45000,0.015195071868583163,0,0,0,0,0,0,0,0,0,0,1,0,0,0,0,0
76,38000,30-40K,6203,Business,0.09818838712806166,0.11129734759507406,0.4497813152606486,13.0,0.580948004,8849,50357,0.07221834099999999,29000,50000,0.012766460459434966,0,0,0,1,0,0,0,0,0,0,0,0,0,0,0,0
77,38000,30-40K,6206,Business,0.13628899035626746,0.12338519864919521,0.45752420679203354,13.0,0.382900433,7076,35829,0.061215064000000007,30000,50000,0.013079220899464453,0,0,0,1,0,0,0,0,0,0,0,0,0,0,0,0
78,38000,30-40K,5506,Social Science,0.10843769336494707,0.20180592593403826,0.36658982263814127,9.0,0.485929877,88741,43711,0.101174601,28000,50000,0.007594964434539292,0,0,0,0,0,0,0,0,0,0,0,0,0,0,0,1
79,38000,30-40K,5504,Social Science,0.10308441558441558,0.2895021645021645,0.3695887445887446,9.0,0.473189524,156118,5651,0.113458628,30000,50000,0.009686147186147185,0,0,0,0,0,0,0,0,0,0,0,0,0,0,0,1
80,38000,30-40K,3606,Biology & Life Science,0.0818014705882353,0.3661370798319328,0.20837710084033614,14.0,0.615727227,126354,3379,0.066775872,29600,50000,0.0040703781512605045,0,0,1,0,0,0,0,0,0,0,0,0,0,0,0,0
81,37500,30-40K,2106,Computers & Mathematics,0.03818497396479048,0.29184230101661296,0.40218199851227376,11.0,0.180882718,1459,1030,0.099723375,25000,50000,0.012769650384329284,0,0,0,0,0,1,0,0,0,0,0,0,0,0,0,0
82,37400,30-40K,3601,Biology & Life Science,0.07701945943181528,0.4002863937402511,0.2146418799703378,14.0,0.515406449,20156,9948,0.080531385,29000,50000,0.004449331321758253,0,0,1,0,0,0,0,0,0,0,0,0,0,0,0,0
83,37000,30-40K,3602,Biology & Life Science,0.042136945071482315,0.509405568096313,0.1384499623777276,14.0,0.52896915,703,169,0.0,26000,40000,0.006772009029345372,0,0,1,0,0,0,0,0,0,0,0,0,0,0,0,0
84,36400,30-40K,2107,Computers & Mathematics,0.04623670038092736,0.34060160252200183,0.38631288585314594,11.0,0.305004597,2322,1447,0.151849807,27000,49000,0.012741363457244187,0,0,0,0,0,1,0,0,0,0,0,0,0,0,0,0
85,36200,30-40K,5004,Physical Sciences,0.08740430185927817,0.4427633977397011,0.2544659132336857,10.0,0.470196865,5159,2913,0.075448568,28000,47000,0.0071090047393364926,0,0,0,0,0,0,0,0,0,0,0,0,0,1,0,0
86,36000,30-40K,6209,Business,0.07780544556476303,0.09821610809486876,0.3930685390047761,13.0,0.672161443,9093,3767,0.059569649,28000,45000,0.010776829815895825,0,0,0,1,0,0,0,0,0,0,0,0,0,0,0,0
87,36000,30-40K,3202,Law & Public Policy,0.09875813128326434,0.14798935541099942,0.4770845653459491,5.0,0.591001011,1169,3595,0.07196501599999999,29200,46000,0.006800709639266706,0,0,0,0,0,0,0,0,0,0,0,0,1,0,0,0
88,36000,30-40K,6199,Health,0.10623038995965935,0.42223218287763337,0.2864933512625131,12.0,0.702020202,973,4145,0.08141125,23000,42000,0.006051098162259076,0,0,0,0,0,0,0,0,1,0,0,0,0,0,0,0
89,36000,30-40K,5401,Law & Public Policy,0.08811511813821282,0.16326168058269674,0.41090779889856105,5.0,0.47646118299999995,2682,847,0.15949059999999998,23000,60000,0.008171966601527803,0,0,0,0,0,0,0,0,0,0,0,0,1,0,0,0
90,36000,30-40K,5005,Physical Sciences,0.11172901921132457,0.39635995955510617,0.2987866531850354,10.0,0.881293889,11797,354,0.024373731000000003,21000,41000,0.00910010111223458,0,0,0,0,0,0,0,0,0,0,0,0,0,1,0,0
91,36000,30-40K,5206,Psychology & Social Work,0.026695526695526696,0.31313131313131315,0.42784992784992787,9.0,0.7475609259999999,18313,433,0.029649596,34000,45000,0.005772005772005772,0,0,0,0,0,0,0,0,0,0,0,0,0,0,1,0
92,35600,30-40K,1301,Biology & Life Science,0.12227999229732332,0.3138455613325631,0.38806085114577316,14.0,0.584556133,15178,7071,0.07858468099999999,25000,40200,0.008665511265164644,0,0,1,0,0,0,0,0,0,0,0,0,0,0,0,0
93,35000,30-40K,1901,Communications & Journalism,0.1282266958260902,0.19048486887605376,0.4577842576496757,4.0,0.305109489,209,49889,0.07517697599999999,27000,45000,0.011187124992990523,0,0,0,0,1,0,0,0,0,0,0,0,0,0,0,0
94,35000,30-40K,5301,Law & Public Policy,0.120426111082029,0.1593205255718997,0.5814400879443019,5.0,0.125034655,451,32242,0.082452199,26000,45000,0.011307124535413287,0,0,0,0,0,0,0,0,0,0,0,0,1,0,0,0
95,35000,30-40K,6004,Arts,0.1433996907614998,0.36131619636644763,0.36837069965210667,8.0,0.37435562299999997,5156,24387,0.096797577,25000,45000,0.01146115191341322,0,1,0,0,0,0,0,0,0,0,0,0,0,0,0,0
96,35000,30-40K,1902,Communications & Journalism,0.11721450309147743,0.3205634888940911,0.3672867982208513,4.0,0.719858952,22456,15902,0.069176442,26000,42900,0.011608532202316198,0,0,0,0,1,0,0,0,0,0,0,0,0,0,0,0
97,35000,30-40K,5098,Physical Sciences,0.09268033262425063,0.28883839360536323,0.3551698575388384,10.0,0.669998505,143377,13133,0.055806815,24000,50000,0.006881325340037388,0,0,0,0,0,0,0,0,0,0,0,0,0,1,0,0
98,35000,30-40K,1904,Communications & Journalism,0.13569843121026298,0.18168992889658026,0.4337496708175012,4.0,0.6731433920000001,48883,10948,0.06796076599999999,27000,47000,0.012809901809563222,0,0,0,0,1,0,0,0,0,0,0,0,0,0,0,0
99,35000,30-40K,1501,Humanities & Liberal Arts,0.11787145375861516,0.2713575893572688,0.3788427632633435,15.0,0.758060269,40300,9541,0.063429289,24500,44000,0.00798204840519314,0,0,0,0,0,0,0,0,0,1,0,0,0,0,0,0
100,35000,30-40K,2310,Education,0.04102439194126448,0.7023556839138453,0.13212011552246078,16.0,0.366176878,6604,5153,0.041507819,32000,42000,0.008559796791816,0,0,0,0,0,0,1,0,0,0,0,0,0,0,0,0
101,35000,30-40K,3608,Biology & Life Science,0.1014052583862194,0.2985947416137806,0.3125113327289211,14.0,0.9066773370000001,26057,6541,0.06916280000000001,20000,50000,0.004487760652765186,0,0,1,0,0,0,0,0,0,0,0,0,0,0,0,0
102,35000,30-40K,5503,Social Science,0.0953267266965139,0.1696765430856683,0.5334775391116253,9.0,0.618223028,13638,4543,0.097243919,25000,45000,0.010765129030635343,0,0,0,0,0,0,0,0,0,0,0,0,0,0,0,1
103,35000,30-40K,4002,Health,0.12951504574541223,0.3456026230895341,0.28943889153313235,12.0,0.63814682,8719,6648,0.068700676,26000,45000,0.006240414617377968,0,0,0,0,0,0,0,0,1,0,0,0,0,0,0,0
104,35000,30-40K,6103,Health,0.07681263460157932,0.14296758517864044,0.4744602131536805,12.0,0.770901106,9479,3299,0.089626262,27000,42000,0.010160693577779005,0,0,0,0,0,0,0,0,1,0,0,0,0,0,0,0
105,35000,30-40K,2001,Computers & Mathematics,0.1383421125589132,0.2520099805932908,0.4876074299972276,11.0,0.8644560790000001,16346,4690,0.11951146900000001,25000,45000,0.011533130024951483,0,0,0,0,0,1,0,0,0,0,0,0,0,0,0,0
106,35000,30-40K,5901,Industrial Arts & Consumer Services,0.036765676567656766,0.30198019801980197,0.40574257425742577,7.0,0.321296067,1299,2633,0.072724524,22000,52000,0.011881188118811881,0,0,0,0,0,0,0,0,0,0,1,0,0,0,0,0
107,35000,30-40K,1303,Agriculture & Natural Resources,0.10201118129674,0.31460103100268644,0.42169461990851664,10.0,0.564639335,35037,2613,0.066619195,25000,42000,0.011036085094024541,1,0,0,0,0,0,0,0,0,0,0,0,0,0,0,0
108,35000,30-40K,3611,Biology & Life Science,0.06601771206909171,0.41023201346702776,0.16841103710751665,14.0,0.47501047,72593,3078,0.048481675,30000,44000,0.0038790895118202447,0,0,1,0,0,0,0,0,0,0,0,0,0,0,0,0
109,35000,30-40K,4000,Interdisciplinary,0.086288223812622,0.4209499024072869,0.3174202992843201,1.0,0.495397153,9848,3173,0.070860927,25000,44000,0.01040988939492518,0,0,0,0,0,0,0,0,0,0,0,1,0,0,0,0
110,35000,30-40K,5002,Physical Sciences,0.05861983675488499,0.4471926787039327,0.32574820677714567,10.0,0.124950495,1893,1309,0.022228555,28000,50000,0.007914914667326243,0,0,0,0,0,0,0,0,0,0,0,0,0,1,0,0
111,35000,30-40K,1302,Agriculture & Natural Resources,0.0906570557249792,0.30385361796506793,0.4690878846686998,10.0,0.690365288,71439,891,0.096725743,28600,48000,0.013307457721097865,1,0,0,0,0,0,0,0,0,0,0,0,0,0,0,0
112,35000,30-40K,1106,Agriculture & Natural Resources,0.0,0.5182481751824818,0.21021897810218979,10.0,0.764426528,13843,185,0.0,18500,44000,0.00583941605839416,1,0,0,0,0,0,0,0,0,0,0,0,0,0,0,0
113,34000,30-40K,2300,Education,0.07962120263293394,0.5706105011202494,0.2164794945657468,16.0,0.8128766059999999,116825,29558,0.057359929000000004,26000,41000,0.006394466942206265,0,0,0,0,0,0,1,0,0,0,0,0,0,0,0,0
114,34000,30-40K,6402,Humanities & Liberal Arts,0.11862544117336264,0.2489309691372375,0.3844213848440659,15.0,0.651741294,524,40657,0.09566691199999999,25000,47000,0.007453276130495735,0,0,0,0,0,0,0,0,0,1,0,0,0,0,0,0
115,34000,30-40K,2602,Humanities & Liberal Arts,0.10916967209716867,0.31196368610869296,0.37708825602122453,15.0,0.728032591,10365,14569,0.075566386,25000,45000,0.007088670563362766,0,0,0,0,0,0,0,0,0,1,0,0,0,0,0,0
116,34000,30-40K,4001,Humanities & Liberal Arts,0.12851926977687628,0.2010547667342799,0.41959432048681544,15.0,0.507376968,10248,7978,0.083633531,24000,45000,0.007464503042596349,0,0,0,0,0,0,0,0,0,1,0,0,0,0,0,0
117,34000,30-40K,2311,Education,0.08941479354391524,0.5410436676898703,0.2753242895336172,16.0,0.733967583,35411,5168,0.054082940999999995,23050,42000,0.0077730468363204274,0,0,0,0,0,0,1,0,0,0,0,0,0,0,0,0
118,34000,30-40K,6110,Health,0.09394476817836331,0.2647580440841145,0.3742082594375475,12.0,0.6521298170000001,16075,6377,0.112144387,21000,45000,0.006587281479604763,0,0,0,0,0,0,0,0,1,0,0,0,0,0,0,0
119,34000,30-40K,2305,Education,0.05520826016717005,0.7514925897309827,0.13886352461895063,16.0,0.792095262,15632,2273,0.016202835,30000,40000,0.008639460560511344,0,0,0,0,0,0,1,0,0,0,0,0,0,0,0,0
120,34000,30-40K,2301,Education,0.13805970149253732,0.43034825870646765,0.2562189054726368,16.0,0.448732309,63698,0,0.0,29000,35000,0.006218905472636816,0,0,0,0,0,0,1,0,0,0,0,0,0,0,0,0
121,33500,30-40K,6106,Health,0.09097331240188383,0.23948194662480377,0.27778649921507065,12.0,0.5566037739999999,5959,3891,0.06977971200000001,23000,40000,0.0024332810047095763,0,0,0,0,0,0,0,0,1,0,0,0,0,0,0,0
122,33500,30-40K,3699,Biology & Life Science,0.04287315524005231,0.3972538763310293,0.2542499532972165,14.0,0.566640502,7219,2568,0.058545455,23000,48000,0.005884550719222866,0,0,1,0,0,0,0,0,0,0,0,0,0,0,0,0
123,33400,30-40K,3600,Biology & Life Science,0.10095508159695628,0.3143183866566444,0.28894335414967104,14.0,0.601858152,168947,72371,0.070724732,24000,45000,0.0048804990221189915,0,0,1,0,0,0,0,0,0,0,0,0,0,0,0,0
124,33000,30-40K,5507,Social Science,0.11909939098871207,0.251669799797285,0.4236136979893098,9.0,0.532333788,28120,29639,0.084951001,25000,44000,0.008870946782982336,0,0,0,0,0,0,0,0,0,0,0,0,0,0,0,1
125,33000,30-40K,1903,Communications & Journalism,0.12170604270786006,0.24335529304861428,0.478892170225655,4.0,0.8772275279999999,26730,13078,0.089836827,25000,45000,0.011169165530819324,0,0,0,0,1,0,0,0,0,0,0,0,0,0,0,0
126,33000,30-40K,6109,Health,0.09214080963477758,0.4581262502320018,0.3014167577488606,12.0,0.64,6496,12346,0.059821207,24000,41000,0.004619413911859932,0,0,0,0,0,0,0,0,1,0,0,0,0,0,0,0
127,33000,30-40K,6211,Business,0.20764313698535983,0.053268265860196576,0.5347675670721929,13.0,0.733991928,12185,7494,0.061169193,25000,42000,0.012509450821362292,0,0,0,1,0,0,0,0,0,0,0,0,0,0,0,0
128,33000,30-40K,2313,Education,0.09251419382363558,0.5902333366151422,0.22395064159364642,16.0,0.576360061,5276,7239,0.050306435,24000,40000,0.0077122509927472025,0,0,0,0,0,0,1,0,0,0,0,0,0,0,0,0
129,33000,30-40K,2601,Humanities & Liberal Arts,0.12559484368411541,0.24829829528341665,0.34305162339618095,15.0,0.76432029,7579,4831,0.10443571,25000,40000,0.0053008854888259745,0,0,0,0,0,0,0,0,0,1,0,0,0,0,0,0
130,33000,30-40K,2399,Education,0.06472906403940887,0.5205911330049261,0.24019704433497538,16.0,0.718364766,82923,2202,0.059211951,30000,45000,0.012413793103448275,0,0,0,0,0,0,1,0,0,0,0,0,0,0,0,0
131,33000,30-40K,4007,Social Science,0.1482452601855587,0.26522791448164584,0.3939088342073417,9.0,0.721865913,35004,2834,0.092305816,24000,40000,0.009580475998386446,0,0,0,0,0,0,0,0,0,0,0,0,0,0,0,1
132,33000,30-40K,3604,Biology & Life Science,0.10662005680576797,0.3119947563906489,0.4543369019008084,14.0,0.651659908,28443,2741,0.054475193,23000,42000,0.00939480008739349,0,0,1,0,0,0,0,0,0,0,0,0,0,0,0,0
133,32500,30-40K,2309,Education,0.08087591240875912,0.6016934306569343,0.23164963503649635,16.0,0.601751825,10305,3782,0.05222898,25000,38000,0.00910948905109489,0,0,0,0,0,0,1,0,0,0,0,0,0,0,0,0
134,32400,30-40K,6100,Health,0.11357480877407065,0.27869877079674993,0.3836126075180809,12.0,0.774576624,26025,11088,0.082101621,25000,45000,0.006012083692967052,0,0,0,0,0,0,0,0,1,0,0,0,0,0,0,0
135,32200,30-40K,4801,Humanities & Liberal Arts,0.14687853468092094,0.26350932243587405,0.37058050862918235,15.0,0.41680957399999996,22847,16659,0.096051684,23000,47100,0.006841317911482468,0,0,0,0,0,0,0,0,0,1,0,0,0,0,0,0
136,32100,30-40K,2314,Education,0.08095140575173342,0.6091395804686814,0.24165472045873437,16.0,0.6860244000000001,23449,9209,0.038637747,25000,40000,0.009888534565986953,0,0,0,0,0,0,1,0,0,0,0,0,0,0,0,0
137,32000,30-40K,3301,Humanities & Liberal Arts,0.13614111869648077,0.2963430984265923,0.36896231115768496,15.0,0.339670982,2519,57825,0.08772359,23000,41000,0.007376472340797131,0,0,0,0,0,0,0,0,0,1,0,0,0,0,0,0
138,32000,30-40K,2304,Education,0.06731748428556379,0.6325865318210018,0.2163851529304351,16.0,0.923745479,157833,37965,0.046585715,23400,38000,0.009534009902728518,0,0,0,0,0,0,1,0,0,0,0,0,0,0,0,0
139,32000,30-40K,4101,Industrial Arts & Consumer Services,0.13462430241297152,0.2205174536674289,0.511265330924093,7.0,0.6839426190000001,4434,38515,0.051467273,24000,43000,0.00810720053728193,0,0,0,0,0,0,0,0,0,0,1,0,0,0,0,0
140,32000,30-40K,3401,Humanities & Liberal Arts,0.12652552228558617,0.26012694587285795,0.4001457215317575,15.0,0.70089843,136446,19187,0.078267592,25000,42000,0.00797264918942398,0,0,0,0,0,0,0,0,0,1,0,0,0,0,0,0
141,32000,30-40K,6005,Arts,0.15123448827429634,0.19008797502644412,0.5345837310698899,8.0,0.686992952,49030,12818,0.10577224,22000,42000,0.008539511364515879,0,1,0,0,0,0,0,0,0,0,0,0,0,0,0,0
142,32000,30-40K,5500,Social Science,0.1264705882352941,0.2787925696594427,0.3698142414860681,9.0,0.502846315,62893,3396,0.103454715,27000,50000,0.008746130030959752,0,0,0,0,0,0,0,0,0,0,0,0,0,0,0,1
143,32000,30-40K,1105,Agriculture & Natural Resources,0.16599244875943905,0.28168824163969797,0.4780204962243797,10.0,0.606888545,7841,1246,0.045454545,22900,40000,0.01483279395900755,1,0,0,0,0,0,0,0,0,0,0,0,0,0,0,0
144,32000,30-40K,2308,Education,0.09116149930587691,0.6500077124787906,0.17060003084991515,16.0,0.423208896,16404,1227,0.047263682,28000,39000,0.009100724973006324,0,0,0,0,0,0,1,0,0,0,0,0,0,0,0,0
145,31500,30-40K,5200,Psychology & Social Work,0.12243514038630043,0.3178482989828184,0.3602930905304329,9.0,0.7799332040000001,307087,115172,0.083810867,24000,41000,0.006562789693575629,0,0,0,0,0,0,0,0,0,0,0,0,0,0,1,0
146,31000,30-40K,6002,Arts,0.15315092441409794,0.22680718420662016,0.4747579700822984,8.0,0.444582285,12543,24943,0.075959674,22300,42000,0.006910428314614154,0,1,0,0,0,0,0,0,0,0,0,0,0,0,0,0
147,31000,30-40K,2306,Education,0.07237798178144828,0.4528763336050757,0.33062772480771274,16.0,0.506720763,30724,7230,0.074667496,24000,40000,0.00918016517208379,0,0,0,0,0,0,1,0,0,0,0,0,0,0,0,0
148,31000,30-40K,6006,Humanities & Liberal Arts,0.1629101283880171,0.2443651925820257,0.4630527817403709,15.0,0.845934379,17790,6140,0.060298284,23000,40000,0.009700427960057061,0,0,0,0,0,0,0,0,0,1,0,0,0,0,0,0
149,30500,30-40K,6000,Arts,0.1595916174099946,0.27931219774314886,0.43961579795808703,8.0,0.667033853,49654,23656,0.084186296,21000,41000,0.008369156367544331,0,1,0,0,0,0,0,0,0,0,0,0,0,0,0,0
150,30000,30-40K,2901,Industrial Arts & Consumer Services,0.09048119860002414,0.3618041068257444,0.3471147049188807,7.0,0.7521438840000001,16226,15872,0.067128194,22900,40000,0.008930880502060309,0,0,0,0,0,0,0,0,0,0,1,0,0,0,0,0
151,30000,30-40K,5404,Psychology & Social Work,0.08111741858380639,0.5125672243800419,0.26919629518972216,9.0,0.810704147,11709,13481,0.06882792,25000,35000,0.006983866148789961,0,0,0,0,0,0,0,0,0,0,0,0,0,0,1,0
152,30000,30-40K,1103,Agriculture & Natural Resources,0.09850275807722617,0.2523061233949845,0.4436564223798266,10.0,0.91093257,52835,5353,0.050862499000000005,22000,40000,0.01182033096926714,1,0,0,0,0,0,0,0,0,0,0,0,0,0,0,0
153,30000,30-40K,6003,Arts,0.17476923076923076,0.23686153846153846,0.46984615384615386,8.0,0.697384245,4639,6253,0.102197419,22000,40000,0.008123076923076924,0,1,0,0,0,0,0,0,0,0,0,0,0,0,0,0
154,30000,30-40K,2312,Education,0.04998961434604999,0.7454130028387455,0.13494426365713494,16.0,0.798919817,7692,2214,0.03654583,24000,37000,0.009831752406009833,0,0,0,0,0,0,1,0,0,0,0,0,0,0,0,0
155,30000,30-40K,5299,Psychology & Social Work,0.17137515579559617,0.30743664312422103,0.41005400914000834,9.0,0.90558993,8489,3221,0.05190783,20800,40000,0.0062318238471125885,0,0,0,0,0,0,0,0,0,0,0,0,0,0,1,0
156,30000,30-40K,5403,Psychology & Social Work,0.07723490505653936,0.30701941540430977,0.49018561979944525,9.0,0.9040745440000001,48415,2405,0.037819026,24000,35000,0.009494346063580116,0,0,0,0,0,0,0,0,0,0,0,0,0,0,1,0
157,30000,30-40K,3402,Humanities & Liberal Arts,0.17152736019242334,0.17558628983764282,0.5042092603728202,15.0,0.745661538,12117,2225,0.068584071,20000,49000,0.007366205652435358,0,0,0,0,0,0,0,0,0,1,0,0,0,0,0,0
158,29000,20-30K,4901,Humanities & Liberal Arts,0.10937862084947197,0.32863243619028704,0.39848379514682025,15.0,0.7284946240000001,1084,8767,0.062628297,22000,38000,0.010262521932002515,0,0,0,0,0,0,0,0,0,1,0,0,0,0,0,0
159,29000,20-30K,6007,Arts,0.21122695411439005,0.2325499204806503,0.5128703540083642,8.0,0.584776403,6146,5673,0.089552239,19200,38300,0.01072038640513636,0,1,0,0,0,0,0,0,0,0,0,0,0,0,0,0
160,29000,20-30K,2201,Industrial Arts & Consumer Services,0.30095147478591816,0.053568030447193146,0.702568981921979,7.0,0.38371900600000003,11591,2064,0.055676856,20000,36000,0.011132254995242626,0,0,0,0,0,0,0,0,0,0,1,0,0,0,0,0
161,29000,20-30K,1199,Agriculture & Natural Resources,0.020833333333333332,0.3245967741935484,0.4206989247311828,10.0,0.719974083,12223,335,0.05976676400000001,23000,42100,0.016129032258064516,1,0,0,0,0,0,0,0,0,0,0,0,0,0,0,0
162,28000,20-30K,5502,Humanities & Liberal Arts,0.1767583153125322,0.2524199361548759,0.42974461950365567,15.0,0.968953683,36422,14515,0.102791571,20000,38000,0.006358768406961178,0,0,0,0,0,0,0,0,0,1,0,0,0,0,0,0
163,28000,20-30K,6102,Health,0.13388542020428956,0.5213563572716111,0.24566994958071006,12.0,0.7071362370000001,27468,13862,0.047583999999999994,20000,40000,0.0024817785208600014,0,0,0,0,0,0,0,0,1,0,0,0,0,0,0,0
164,28000,20-30K,2307,Education,0.07629891723642555,0.6255819521668573,0.20498018037191731,16.0,0.9679981190000001,37054,7001,0.040104981,21000,35000,0.009098406448695097,0,0,0,0,0,0,1,0,0,0,0,0,0,0,0,0
165,27500,20-30K,2603,Humanities & Liberal Arts,0.09951802927525884,0.20760442699036058,0.33050696179935735,15.0,0.690110675,7732,3685,0.107115726,22900,38000,0.004998214923241699,0,0,0,0,0,0,0,0,0,1,0,0,0,0,0,0
166,27000,20-30K,6001,Arts,0.2559134315244283,0.16171472172767,0.5852852089065643,8.0,0.629504564,11931,15994,0.07754113,19200,35000,0.008254526116210779,0,1,0,0,0,0,0,0,0,0,0,0,0,0,0,0
167,27000,20-30K,3302,Humanities & Liberal Arts,0.18287342373239066,0.25615997467419405,0.4273729752545771,15.0,0.666119448,28809,6612,0.081742207,20000,35000,0.007967076452276685,0,0,0,0,0,0,0,0,0,1,0,0,0,0,0,0
168,26000,20-30K,3609,Biology & Life Science,0.0883577119752646,0.3295278867879653,0.3504578427874896,14.0,0.637293376,5359,2190,0.04632028,20000,39000,0.0055892496135093355,0,0,1,0,0,0,0,0,0,0,0,0,0,0,0,0
169,25000,20-30K,5201,Psychology & Social Work,0.028731604765241767,0.5213735108619482,0.21548703573931324,9.0,0.8170988090000001,2332,572,0.065112187,24000,34000,0.002452697967764541,0,0,0,0,0,0,0,0,0,0,0,0,0,0,1,0
170,25000,20-30K,5202,Psychology & Social Work,0.21916842847075405,0.3474277660324172,0.30655391120507397,9.0,0.799859056,2270,648,0.14904819800000002,25000,40000,0.0045806906272022555,0,0,0,0,0,0,0,0,0,0,0,0,0,0,1,0
171,23400,20-30K,5203,Psychology & Social Work,0.06658019887591872,0.519455252918288,0.2691309987029831,9.0,0.798746217,3695,965,0.053620645999999994,19200,26000,0.004539559014267186,0,0,0,0,0,0,0,0,0,0,0,0,0,0,1,0
172,22000,20-30K,3501,Education,0.17486338797814208,0.26229508196721313,0.30783242258652094,16.0,0.877959927,964,237,0.10494571800000001,20000,22000,0.0018214936247723133,0,0,0,0,0,0,1,0,0,0,0,0,0,0,0,0
